project_id,project_name,contract_duration,country,technology,counterparty,start_year,screening_date,offered_volume_year_1,offered_volume_year_2,offered_volume_year_3,offered_volume_year_4,offered_volume_year_5,offered_volume_year_6,offered_volume_year_7,offered_volume_year_8,offered_volume_year_9,offered_volume_year_10,risk_bucket_1_factor_1,risk_bucket_1_weight_1,risk_bucket_1_factor_2,risk_bucket_1_weight_2,risk_bucket_1_factor_3,risk_bucket_1_weight_3,risk_bucket_1_factor_4,risk_bucket_1_weight_4,risk_bucket_1_factor_5,risk_bucket_1_weight_5,risk_bucket_1_factor_6,risk_bucket_1_weight_6,risk_bucket_2_factor_1,risk_bucket_2_weight_1,risk_bucket_2_factor_2,risk_bucket_2_weight_2,risk_bucket_2_factor_3,risk_bucket_2_weight_3,risk_bucket_2_factor_4,risk_bucket_2_weight_4,risk_bucket_2_factor_5,risk_bucket_2_weight_5,risk_bucket_2_factor_6,risk_bucket_2_weight_6,risk_bucket_3_factor_1,risk_bucket_3_weight_1,risk_bucket_3_factor_2,risk_bucket_3_weight_2,risk_bucket_3_factor_3,risk_bucket_3_weight_3,risk_bucket_3_factor_4,risk_bucket_3_weight_4,risk_bucket_3_factor_5,risk_bucket_3_weight_5,risk_bucket_3_factor_6,risk_bucket_3_weight_6,risk_bucket_4_factor_1,risk_bucket_4_weight_1,risk_bucket_4_factor_2,risk_bucket_4_weight_2,risk_bucket_4_factor_3,risk_bucket_4_weight_3,risk_bucket_4_factor_4,risk_bucket_4_weight_4,risk_bucket_4_factor_5,risk_bucket_4_weight_5,risk_bucket_4_factor_6,risk_bucket_4_weight_6,risk_bucket_5_factor_1,risk_bucket_5_weight_1,risk_bucket_5_factor_2,risk_bucket_5_weight_2,risk_bucket_5_factor_3,risk_bucket_5_weight_3,risk_bucket_5_factor_4,risk_bucket_5_weight_4,risk_bucket_5_factor_5,risk_bucket_5_weight_5,risk_bucket_5_factor_6,risk_bucket_5_weight_6
1,East Solar BioEnergy Systems,7,Netherlands,Waste Management,Non-Profit Organization,2014,2024-05-11,929241,505919,348318,501890,173811,123466,499252,635236,673037,737082,7,0.17984366901259202,9,0.10566086466853053,0,0.10470721906807483,0,0.19302997217397577,7,0.22314213475862785,2,0.19361614031819913,0,0.08558203569928673,7,0.2807880814895965,1,0.20327190397511416,0,0.1019175561917472,9,0.21028516003342768,2,0.11815526261082789,5,0.15752358509811312,7,0.12002930425056389,3,0.20118013243346874,9,0.14583688953083263,6,0.19971822479183501,0,0.17571186389518673,10,0.17501594342605292,3,0.14331359630490517,0,0.13576645593303202,2,0.1300906545948615,10,0.14655528920909197,10,0.26925806053205625,3,0.2783202610450245,7,0.2541833224042005,10,0.12630558620181762,8,0.06379473080384938,0,0.1480808336542213,1,0.12931526589088677
2,Nature's Way Reserve Biofuel,5,Spain,Renewable Energy,Community Group,2010,2024-05-11,757728,749310,355743,828023,283543,635445,798357,257535,364394,198975,8,0.14887522560649577,5,0.1771931830371833,9,0.21873498274821054,10,0.0871712666032759,1,0.1110691972921898,3,0.2569561447126447,0,0.1855129523268374,2,0.09413516419166137,10,0.16323310603337118,3,0.15880533042717754,7,0.23356746694600952,10,0.16474598007494295,4,0.17275603079481067,8,0.1347452647677502,1,0.18238376422958721,6,0.22657284131735828,7,0.13253406049079672,0,0.15100803839969687,6,0.14292804613050974,9,0.14496156616053654,2,0.15994434691005602,2,0.18940013078652065,5,0.1344066470675988,8,0.22835926294477826,6,0.15992785218395056,0,0.24825911370711742,1,0.17289108134213554,3,0.16716283096815687,1,0.1348469432982398,1,0.11691217850039985
3,Site B Biofuel EarthFirst Energy,9,South Africa,Air Pollution Reduction,NGO,2006,2024-05-11,791515,898060,661436,799968,664208,549497,840839,405992,317729,365468,10,0.16845255277110827,3,0.13863510161800363,6,0.1603301582560158,1,0.09696520976766576,8,0.15285594724513266,3,0.28276103034207395,5,0.15671794115093277,5,0.12414342598246719,3,0.23919154362595907,1,0.1597275543195037,6,0.15353532642368273,10,0.16668420849745447,2,0.1454002996336837,6,0.1617718468207967,9,0.14730390382544384,0,0.21759139865058463,1,0.15391446514395135,0,0.17401808592553986,6,0.2697979607864719,9,0.23640957075650737,7,0.14497565166369947,0,0.10427851424266281,7,0.06199859546486918,2,0.18253970708578932,2,0.14949733664042017,3,0.11256833312377966,2,0.16753585692237305,3,0.22882654117750517,4,0.1193514029974169,5,0.22222052913850524
4,Conservation Clean Power Co. Site A,6,Japan,Air Pollution Reduction,Non-Profit Organization,2010,2024-05-11,811930,332966,691197,771803,438062,309542,825013,219202,375648,632990,4,0.21002733668268603,7,0.19018191017808822,1,0.13306499035319427,5,0.15104011791572616,1,0.10827650750756924,9,0.207409137362736,1,0.2038514775426041,5,0.10481459650629567,1,0.1916322386097246,2,0.19734775003045427,0,0.2018803238724215,9,0.10047361343849964,7,0.2144955146161091,6,0.10213720957509868,6,0.1542084062281463,5,0.16614633479933108,5,0.2428899011263952,1,0.12012263365491979,8,0.12773773872601213,5,0.15013330969424102,10,0.20837643200718559,6,0.24822199605509815,7,0.12280698570755709,0,0.14272353780990618,1,0.19747905645505506,10,0.16222611010229174,3,0.1719669353788049,8,0.1221425078460481,9,0.196493428643978,0,0.14969196157382209
5,Pure Planet Green Park,6,Poland,Waste-to-Energy,Private Company,2003,2024-05-11,941343,269757,706016,602928,877814,796630,606647,815086,861345,528812,6,0.12550892208053818,7,0.09841487997903874,6,0.20080111950639526,6,0.2013673136695778,2,0.22851635222543795,4,0.14539141253901214,3,0.0971161252032368,0,0.15061672350667793,6,0.2112618348510431,9,0.16063323975881735,8,0.27645802470959446,9,0.10391405197063025,4,0.1651966359050204,9,0.177917718827637,4,0.10062913062473162,9,0.20551535700251794,3,0.18992052953932492,9,0.16082062810076814,4,0.14137829925585732,0,0.14071337854648197,7,0.12415076153186293,4,0.12621465314284688,2,0.18729314886022785,9,0.28024975866272295,9,0.17163596102638318,5,0.08385309981875598,8,0.1664026462795465,4,0.1372521292896114,0,0.13371475042098782,7,0.30714141316471505
6,Site C Sustainable Futures Geothermal,5,China,Green Building Practices,Government Agency,2013,2024-05-11,318247,720504,163388,419509,500464,598187,383136,397872,239520,263793,7,0.1272706110992479,6,0.2019541817198945,1,0.08738300671769536,6,0.26496758796902575,0,0.13433859161093845,9,0.18408602088319823,0,0.18216325268974215,0,0.2013962089412565,1,0.17650574289580562,3,0.13252838279424548,7,0.10883739788177517,1,0.19856901479717526,8,0.156953766168393,3,0.16967131983631495,7,0.13849698619468417,2,0.13395208054915989,10,0.275711107668056,2,0.12521473958339208,8,0.1142319009127977,1,0.2284293908383924,0,0.1762442903817309,0,0.10769806954842602,5,0.1538059748641167,3,0.21959037345453628,2,0.12543501971513846,8,0.21005842683342443,5,0.12042934087915058,7,0.23656499360011618,0,0.19840583508553547,1,0.10910638388663502
7,Hydro West Nature's Way,9,Australia,Forestry Management,Government Agency,2009,2024-05-11,739744,797470,260590,583709,505696,944561,200797,511097,299926,320297,4,0.15751236084894354,6,0.13438806619429886,3,0.16332112457927786,2,0.22298435693089108,6,0.1968055515640784,3,0.12498853988251028,6,0.1538072227531741,2,0.19539708495757271,3,0.1294712706633411,6,0.19851297945055926,10,0.20736825597644454,10,0.1154431861989082,9,0.12087365551916858,0,0.20122723311786697,0,0.1509454223581546,2,0.23059313941584603,0,0.11762754701514018,5,0.1787330025738237,4,0.17523981708603426,3,0.22398545880131138,10,0.16235358027843294,8,0.13439512013660246,5,0.1641433257215341,3,0.13988269797608496,0,0.19677766850338996,0,0.12449418690583118,10,0.19095101270754652,0,0.10984781924281398,3,0.1533257876580753,10,0.22460352498234315
8,EcoEnergy Corp. North Green,4,Sweden,Carbon Capture,Private Company,2001,2024-05-11,149811,794901,504219,328156,486750,617681,622739,174926,354613,201160,3,0.12829232371424512,1,0.11197553569622011,6,0.25690293814023213,9,0.18544626235584166,10,0.17938764631316742,2,0.1379952937802936,2,0.10316949370196565,6,0.15338674757221712,4,0.24192389565209416,9,0.22911418734924138,5,0.1352175964923624,4,0.1371880792321192,2,0.09618386383241181,6,0.1633936075394468,4,0.13081705447946074,8,0.15467650805015756,5,0.38418995520174604,5,0.07073901089677716,2,0.2282013526094178,4,0.16985973932216,4,0.18073441135867208,4,0.1743434766419981,7,0.14201892888086837,9,0.1048420911868837,10,0.16029799129137365,1,0.224980889028126,4,0.15921863288375054,4,0.14123840601580334,1,0.17843165319387003,5,0.13583242758707642
9,ClimateCare Ltd. Reserve Geothermal,6,South Korea,Carbon Capture,Government Agency,2001,2024-05-11,676309,897540,732433,151386,169837,588533,382147,706452,735555,305290,2,0.13817038971430518,2,0.25779320003861667,8,0.13238650814204173,2,0.0924852577295962,3,0.19766524157584162,3,0.18149940279959867,9,0.21845260023803847,10,0.2797033737851041,10,0.13154185598933466,4,0.18594124549888844,4,0.0745098151475503,6,0.10985110934108375,3,0.15396420033885913,9,0.15261195019186122,8,0.1724576235172387,1,0.1882611000769719,0,0.1720131255839476,6,0.16069200029112143,4,0.1440115448611515,2,0.2086584360970162,2,0.12672581139464642,3,0.16525185193050076,5,0.1689214471265247,0,0.18643090859016032,3,0.19936898003004097,7,0.11175101079459483,5,0.28015289131433757,0,0.13779889039254292,1,0.19804091833186627,8,0.07288730913661745
10,Reserve Clean Power Co. Solar,9,Russia,Air Pollution Reduction,Community Group,2008,2024-05-11,403730,879087,417108,783625,373685,102334,585047,650086,110157,259354,5,0.20277040260964077,8,0.13714981605681315,5,0.10250635240683244,10,0.2173715621579162,8,0.15360716479218997,5,0.18659470197660769,3,0.1990030245540906,3,0.12818233577495738,4,0.2356098188868859,10,0.062401226734875165,2,0.18916568493993446,7,0.18563790910925645,10,0.06582989665596314,2,0.1420582735611055,3,0.3039042600735486,7,0.20495890460062668,2,0.12549378782005363,0,0.15775487728870247,5,0.1572409864039105,0,0.1706996967652794,1,0.13591277610678304,9,0.1898581530877281,6,0.1424197984051634,6,0.20386858923113554,0,0.15318588629193236,9,0.1641673645544499,6,0.2357150335416088,4,0.189233722436549,9,0.15610053186593756,5,0.10159746130952231
11,EcoEnergy Corp. Biofuel Site C,5,Poland,Energy Efficiency,Government Agency,2000,2024-05-11,539003,284858,832468,395746,670361,933666,934889,725645,803541,457075,2,0.12865091532144302,2,0.17772414128829048,0,0.19150056848252314,8,0.14892638651535167,7,0.2606352961770766,0,0.09256269221531502,1,0.13993546661061504,3,0.19572448606816567,6,0.1481192577171061,8,0.1425094469317642,10,0.19842863769025695,8,0.17528270498209197,5,0.1491137609558081,8,0.11773093460699245,1,0.1649021618527626,9,0.1782326090020374,7,0.14171713683617188,8,0.24830339674622767,5,0.09816240657005461,3,0.1672981934988837,9,0.2529529043165327,2,0.15737478191955973,5,0.14924359963592854,5,0.17496811405904078,3,0.19849499398411913,0,0.10125930320509052,2,0.17772934799777668,1,0.1388640385708429,7,0.2119045081696621,6,0.1717478080725087
12,Site A Sustainable Futures Biofuel,5,Italy,Carbon Capture,Community Group,2007,2024-05-11,711939,542063,578360,264488,489845,458881,517787,689012,788372,570989,7,0.21299555599224407,5,0.10428023884720372,0,0.1772120555502575,4,0.15871585685835302,0,0.14332969225017203,2,0.20346660050176965,4,0.1855797651709114,8,0.11784386935874767,9,0.2597487192859978,10,0.16940565809570188,8,0.142490996175718,10,0.12493099191292321,3,0.1735707134956973,0,0.20251280045403494,5,0.12035850973901437,6,0.154100356753509,8,0.11276373298431958,4,0.23669388657342474,6,0.13986992888952526,0,0.0706110885774764,10,0.19256359444178292,6,0.17662202070780694,10,0.3193258389018192,10,0.10100752848158921,4,0.1933128929738478,9,0.13168503171103962,6,0.21330690084427342,7,0.13529656881760901,1,0.15082499901131538,4,0.17557360664191488
13,Wind East EcoEnergy Corp.,10,Spain,Renewable Energy,Non-Profit Organization,2008,2024-05-11,147291,889851,649741,710651,694079,168022,179335,262756,838039,420303,10,0.1276029504228199,7,0.1740194186828634,7,0.1868849224530245,5,0.16407057054486063,6,0.18226878805753938,5,0.16515334983889216,8,0.15173672065028257,2,0.1046840348281045,1,0.1843301208527283,9,0.21995435268487853,2,0.1679099055894366,7,0.17138486539456932,4,0.1570918705180038,8,0.10429260255884451,8,0.1783611947905466,1,0.1577301310752174,0,0.16301994080049437,6,0.23950426025689311,5,0.1760146686056263,1,0.10082941437413982,0,0.11024726256396153,1,0.18150683528725464,6,0.19409932466914565,2,0.2373024944998721,8,0.1866459207251597,8,0.07506046154962495,3,0.24280539580604193,10,0.13501752010985785,10,0.16213087890983063,6,0.19833982289948496
14,Clean Power Co. Eco-Friendly South,5,France,Forestry Management,NGO,2014,2024-05-11,602141,861483,107454,607359,103527,368771,465922,268995,375148,762172,3,0.16683948143811297,2,0.19006228180381463,1,0.2618881440487169,10,0.12102633522550975,1,0.13724376040350023,9,0.12293999708034559,10,0.16036569717905913,1,0.15833681804464506,6,0.07882457472909565,1,0.24111248096802862,4,0.21771907911525412,7,0.14364134996391745,0,0.17021301343084247,5,0.16021029525765093,8,0.20821598181417422,1,0.09748127939856358,0,0.14816317694344747,5,0.21571625315532142,8,0.15102987568250442,9,0.12518729849655816,0,0.22980096575672923,2,0.12555819319180164,4,0.2102683902716229,7,0.1581552766007834,10,0.1802368925313252,8,0.0950160179978941,0,0.18725794754704966,5,0.21389538752700596,8,0.15501275003566634,7,0.16858100436105872
15,Sustainable Futures Conservation Site C,4,Indonesia,Waste-to-Energy,Community Group,2001,2024-05-11,306707,848393,196854,830468,711979,439463,695052,816551,490432,320747,0,0.17772282568861844,6,0.16188373670267675,1,0.22700090253367186,0,0.16080754449409196,10,0.13465037932131635,4,0.13793461125962464,10,0.21137535804693447,3,0.10633939280244079,4,0.15345836096716675,7,0.1613869787668115,0,0.1760107215391208,2,0.1914291878775257,10,0.10248057024653796,2,0.16946739161421887,5,0.2085004904836294,10,0.1816705873463182,8,0.10094214295337904,8,0.23693881735591651,0,0.17048346335817532,4,0.17287987320719564,10,0.20200357162441465,6,0.15603140487855152,9,0.15267609429426904,4,0.14592559263739394,9,0.2022394162575199,0,0.17455365961844807,6,0.17847173738732974,6,0.1253588897938014,3,0.10953005029742373,6,0.2098462466454772
16,Wind Renewable Solutions Site A,9,South Korea,Waste-to-Energy,Community Group,2000,2024-05-11,302703,449897,380594,345193,472955,262141,393388,611423,666175,900943,1,0.0717079082831398,7,0.13395447674830963,0,0.24663426339550104,6,0.11733750456032245,2,0.23302402706873082,4,0.19734181994399635,8,0.1102992016140692,2,0.22308879863698663,1,0.1598952701802961,2,0.16585137660826949,4,0.19071800119187066,3,0.15014735176850802,10,0.1986745176794278,8,0.1803668264700951,1,0.15883241225186168,9,0.18667096484852103,6,0.13668650318574657,8,0.13876877556434797,3,0.24409466008601488,3,0.13344215735683632,9,0.12522483365282389,7,0.1989799010033914,10,0.14810708677341927,1,0.15015136112751423,4,0.18339756807171875,3,0.06324988749111503,3,0.16081917468492224,3,0.21952954153325696,9,0.21544627045770462,9,0.15755755776128222
17,Clean Power Co. Recycling East,2,South Africa,Air Pollution Reduction,NGO,2006,2024-05-11,226076,707778,838970,463905,118798,217672,259612,501865,632044,806774,1,0.13574717613248963,1,0.1646438970031772,4,0.23595190069090707,6,0.08967753425999439,6,0.22955843133386453,4,0.14442106057956722,9,0.18159799694901804,4,0.10727260119988487,0,0.2536592906893206,1,0.1407445747536696,3,0.18960906297225555,8,0.1271164734358513,6,0.12795250069733186,3,0.11461901393277753,1,0.1750615112310027,8,0.20914744704032254,8,0.11234339496731419,6,0.2608761321312513,2,0.12838929163188154,1,0.1536051893228415,4,0.1587051998485392,9,0.21894493518955901,4,0.14726462557105272,4,0.19309075843612586,0,0.21202076588905389,9,0.08712428868582382,7,0.13024856921174352,5,0.25881207073354845,9,0.17533442580371764,9,0.1364598796761128
18,South Eco-Friendly Sustainable Futures,7,USA,Renewable Energy,Private Company,2013,2024-05-11,755702,481899,543072,164016,142691,405764,378739,645204,300659,670314,0,0.18479739323161234,9,0.16218352851196352,0,0.19857561023518194,10,0.21362550575641998,5,0.14006619979191587,9,0.10075176247290617,10,0.169924939705041,10,0.20478717035887506,1,0.22933195488257108,9,0.1863388181352268,2,0.13729718771312502,2,0.07231992920516103,6,0.16865560163219406,6,0.16837226435553404,1,0.20652985155799217,10,0.17357518998898042,2,0.13366672522958606,3,0.14920036723571325,8,0.12044297665201548,4,0.13173916613651698,6,0.16476906219314724,7,0.2205844040232443,9,0.1368164985632302,5,0.22564789243184577,8,0.1906297552795201,3,0.12963436833932387,0,0.11073607968188602,10,0.23700280464710846,10,0.16678291698002257,9,0.16521407507213895
19,West Green Nature's Way,1,Indonesia,Energy Efficiency,Private Company,2001,2024-05-11,760200,556452,925286,208312,911023,598375,171681,743466,326443,922497,10,0.10099867331835904,8,0.1942617593009851,10,0.18765474690558215,5,0.1814829892000368,7,0.13787055385463912,3,0.19773127742039762,3,0.15196003045400344,10,0.26179592770362453,0,0.1574293632475396,9,0.13819511260569903,9,0.17752290321619962,1,0.11309666277293377,3,0.12976267256334087,3,0.15771969259618956,6,0.2571806787693551,3,0.16432864199232,8,0.12235571958415259,8,0.16865259449464176,4,0.15004887725550645,6,0.21044259702830811,7,0.1178660456017709,3,0.16839042035549912,9,0.14273975379504614,7,0.21051230596386925,6,0.1554403747487175,1,0.16106006537825077,9,0.16613164222817622,7,0.16727694889936057,7,0.24172920147889548,3,0.10836176726659945
20,Renewable Solutions South Recycling,10,China,Air Pollution Reduction,Community Group,2002,2024-05-11,207565,645300,365987,226415,931574,391495,250930,453713,305191,893848,6,0.2884111117386093,3,0.09684500037504076,6,0.15232123596610458,8,0.15232589436316493,1,0.17550177747435966,2,0.13459498008272083,6,0.15595262274305907,9,0.10454689695915896,1,0.15341418119714265,2,0.20450585186101353,0,0.2055343638841947,0,0.176046083355431,0,0.105475099367282,1,0.20094966461757216,1,0.1444475492431183,9,0.21795958886262803,7,0.10946903307929073,6,0.22169906483010882,2,0.15760035262051358,3,0.11373688196218999,4,0.194848010151311,2,0.17605527759272963,2,0.16567097461820696,10,0.19208850305504876,3,0.16884743380002484,5,0.12708352603809972,5,0.133131909589444,3,0.19757280031632127,7,0.2757531221724984,2,0.09761120808361169
21,BioEnergy Systems South Solar,3,Brazil,Waste-to-Energy,Community Group,2000,2024-05-11,186979,738039,223320,932026,333110,105741,824771,626084,806415,746868,1,0.1794521850460856,4,0.17724224534615116,1,0.16624492652908007,1,0.11507384597103405,10,0.11524046586238032,8,0.24674633124526893,8,0.13958820411963602,1,0.1604129841272638,7,0.16619483435035642,2,0.1999515349119365,1,0.16564846482155787,4,0.1682039776692495,0,0.18767980630839232,3,0.1120246178578389,7,0.22688695542939644,7,0.13032476633191648,5,0.11809900480805159,4,0.22498484926440437,1,0.1709776949476803,6,0.11374102079006312,7,0.133074821501877,6,0.18301171555046403,6,0.18842724360003266,8,0.21076750360988294,6,0.17871623030337183,7,0.14017434551550428,2,0.15716207759782772,8,0.19564076876096934,2,0.19331656029295893,2,0.13499001752936796
22,Conservation Site C Renewable Solutions,7,Mexico,Renewable Energy,Non-Profit Organization,2003,2024-05-11,539559,315763,691193,660402,580073,665071,422373,842580,856724,859111,2,0.16152319049144484,2,0.16318830401657466,4,0.16254999044626325,8,0.10086121641968451,4,0.2659941663685965,1,0.1458831322574363,9,0.22832931843330914,3,0.2011511326804677,4,0.16425665829569916,10,0.17976863592191686,10,0.1274968246049267,7,0.0989974300636805,9,0.1837069044674075,3,0.16607628422004703,7,0.19174137237243508,10,0.121980087208637,7,0.19457266044510416,1,0.1419226912863691,7,0.17792983121019884,8,0.16637728841791766,0,0.11857380967356124,0,0.1647147955334172,0,0.16089576669390507,9,0.21150850847099992,9,0.132189673297945,1,0.3176284789399784,3,0.08312412119287693,1,0.1827432082439418,0,0.17230983823893253,5,0.11200468008632536
23,ClimateCare Ltd. Green Site A,6,South Korea,Green Building Practices,NGO,2002,2024-05-11,677104,843002,339760,583107,711937,751169,334113,404434,437399,406637,7,0.1852453505579911,5,0.20070719987608698,0,0.16291515976888038,7,0.09734733501852068,10,0.14216597933456318,1,0.21161897544395772,10,0.15669610735191514,0,0.14822306195451318,0,0.17573191338019511,7,0.1603030109834296,9,0.1436496981089294,0,0.21539620822101763,6,0.17788463381258296,0,0.18792462938490492,6,0.17238078408168803,8,0.11268125202593214,1,0.18620182243333475,4,0.16292687826155736,1,0.12252489515681685,8,0.07793988325513662,6,0.22594545357985832,7,0.1743623319889994,2,0.18734880863893122,1,0.21187862738025748,7,0.2766126338491533,3,0.1410417893734928,1,0.12622088760834524,7,0.13110687535959628,4,0.23951183067547654,8,0.08550598313393595
24,Biofuel ClimateCare Ltd. North,5,Germany,Water Conservation,NGO,2011,2024-05-11,569565,703393,221667,779495,494224,484221,759663,139451,206221,623948,8,0.13840467843471863,4,0.12604378958673595,4,0.23741865035283233,6,0.12345136240174384,9,0.18141640503318338,4,0.1932651141907857,8,0.17669130434727254,3,0.10823934389770827,3,0.19200908786785809,7,0.14844281950522806,6,0.21509804887925207,2,0.15951939550268104,0,0.11450670002129235,5,0.1301289338385611,0,0.19166619335110785,0,0.2205744764538733,5,0.0865453854647498,1,0.25657831087041555,1,0.18733777679858876,5,0.17793470222837843,6,0.17711324107888105,3,0.1065338918187459,3,0.15927630301971551,0,0.1918040850556902,1,0.14800851626230155,0,0.2488181658438781,5,0.0828137676416604,1,0.19142359143537951,10,0.21177083710636538,10,0.11716512171041506
25,BioEnergy Systems Reserve Eco-Friendly,4,Japan,Waste Management,NGO,2013,2024-05-11,284909,735630,122984,130631,679051,890776,389858,488023,169773,314658,3,0.18742603166866742,7,0.1863426822415794,5,0.1499131996238373,6,0.16422145672982516,7,0.19125634832716643,0,0.1208402814089243,8,0.13149707157144394,4,0.16432563476962145,3,0.16205123864573542,2,0.14950293742460893,0,0.21435591267514748,8,0.1782672049134428,5,0.1274162716320461,3,0.20214512720994193,3,0.20598590852867987,3,0.1787312540167986,6,0.16694535557048876,9,0.11877608304204479,10,0.29560271133075555,9,0.1850617770983035,3,0.1724090364599276,9,0.11966780920862127,4,0.09186998097893422,1,0.13538868492345799,7,0.16974728153683147,5,0.21403507302859678,6,0.12777748978681733,5,0.16802240837610852,10,0.18074840769460845,1,0.13966933957703728
26,Hydro West GreenTech Inc.,4,Germany,Waste-to-Energy,NGO,2006,2024-05-11,110624,122472,158859,433474,164938,703751,346464,105043,893783,755511,3,0.24130373802280997,5,0.1144218113001377,1,0.15949984806072467,5,0.21236394174210751,1,0.14502096834527345,3,0.12738969252894655,0,0.15715024584315876,1,0.18674923920192654,4,0.16387481519161934,8,0.2119836765748948,9,0.10130677226956247,5,0.17893525091883797,3,0.1306540966809501,10,0.19966540575815012,9,0.18312225393990997,0,0.10319943530181633,1,0.1611144068539404,10,0.22224440146523303,1,0.19691416986980484,3,0.09884579669926104,7,0.12957320519950252,6,0.13979733157691004,7,0.27460674495602067,10,0.16026275169850096,10,0.16512922692269158,8,0.10187075266322579,1,0.2686433643519755,7,0.15336056363842107,4,0.10663425298154262,5,0.20436183944214367
27,Eco-Friendly South Pure Planet,2,South Korea,Sustainable Agriculture,Non-Profit Organization,2004,2024-05-11,744261,772066,454476,165841,440559,633351,582126,299272,211044,518642,1,0.09484582472719837,6,0.18685267866585537,4,0.14860251772312083,10,0.2625494325662323,3,0.12303026489064943,1,0.1841192814269437,6,0.2023274411610018,9,0.11866014410556615,8,0.11422450319745991,10,0.1514396408139018,7,0.2530145070644918,0,0.16033376365757845,7,0.16781553791003861,6,0.12953342153284686,7,0.11872658545346368,9,0.18542232768399114,9,0.14653245795747621,4,0.25196966946218363,8,0.14411734030564713,1,0.32759359957905604,0,0.17166776067882297,2,0.06482874259624864,0,0.1712300150174853,9,0.12056254182273987,9,0.10055382393852803,8,0.23921123242031817,10,0.12810535422249997,6,0.22665139428735603,0,0.1289548805160794,6,0.17652331461521822
28,Site D Sustainable GreenTech Inc.,6,China,Water Conservation,NGO,2002,2024-05-11,932837,354473,896884,360230,496335,545177,349382,651715,594477,200590,2,0.25446496133839985,10,0.1456961058531219,9,0.11319724502941571,7,0.16757553468621866,7,0.16052750448295436,9,0.15853864860988942,2,0.13691862025434942,5,0.1669124337037943,3,0.12873385532258647,6,0.18471087107786052,1,0.15899437937598762,3,0.2237298402654216,6,0.20276705169457793,7,0.16889296973126328,7,0.09726370786990972,8,0.11526109643007566,3,0.2541665161507545,4,0.16164865812341897,2,0.21729801091145562,7,0.15480499671965953,4,0.1419626838046784,10,0.18267157313402893,0,0.1528123297803769,2,0.1504504056498006,3,0.1324261188710294,10,0.10737012551626175,10,0.24757406598861972,5,0.1263438694619314,9,0.13929390393092322,8,0.24699191623123448
29,Conservation EcoEnergy Corp. West,5,Poland,Renewable Energy,NGO,2013,2024-05-11,129075,134528,231401,692164,414401,318721,621529,566693,397565,538835,6,0.11238459426589052,0,0.12484836578491165,5,0.16353023413732778,2,0.1455537356972214,9,0.24782681528671274,7,0.20585625482793596,2,0.17187509194020517,7,0.1263301515721632,5,0.2434202810583393,7,0.09139075056100072,5,0.2791218211226668,3,0.08786190374562475,2,0.18916070534714483,3,0.12766833385812013,0,0.13265901017247547,5,0.16875577037953945,2,0.17703799246427374,7,0.20471818777844636,0,0.12808584708832235,2,0.184518482658718,8,0.23669920071926007,1,0.15314725220383607,8,0.20324295374800425,1,0.0943062635818592,4,0.1877036800138209,8,0.16913307611273906,9,0.12377956294037958,10,0.22807288742822204,5,0.1803996339790599,3,0.11091115952577846
30,GreenTech Inc. Site B Solar,1,Canada,Water Conservation,Private Company,2013,2024-05-11,362501,502046,658931,665505,369528,706549,246573,473346,317653,440971,10,0.1674224248283627,3,0.29877708784656537,3,0.12311636811581374,2,0.18263877647649762,2,0.14848323317643206,3,0.07956210955632856,7,0.134624015052007,6,0.260062647945971,0,0.16311156330090779,7,0.14070216746899974,4,0.11294584015467993,2,0.1885537660774345,7,0.19142301322619848,5,0.05330325179992185,3,0.13271337334581015,1,0.21942165972549818,7,0.18833704131529191,4,0.2148016605872796,9,0.23967678136367593,7,0.10265356546866163,4,0.1175991832634129,2,0.1032013874019368,1,0.21934422255620015,7,0.21752485994611248,9,0.14379904622670095,8,0.16409101973460524,6,0.11662639819950206,7,0.2142944725744829,5,0.16237355079372504,2,0.1988155124709839
31,BioEnergy Systems West Green,2,Spain,Sustainable Agriculture,Government Agency,2011,2024-05-11,899946,756767,645646,541939,128909,728728,319460,140672,219139,334095,3,0.12035993726509016,5,0.2149787409286176,4,0.3158498644872176,5,0.1064703125605747,4,0.16591125715379687,9,0.07642988760470307,10,0.17001044232333679,7,0.14286859841914232,2,0.16791490598818573,8,0.1771749409102736,6,0.17595701205075415,4,0.16607410030830735,10,0.052608754839697444,1,0.08174601297128964,1,0.19377476429457066,5,0.2292427810070036,5,0.281298278013881,5,0.16132940887355762,1,0.12494751319703776,5,0.16415316203947458,6,0.17798081022477705,10,0.25019808933286786,0,0.09197387108986012,0,0.1907465541159827,5,0.2140203663342863,7,0.12248295890240797,1,0.2045143145000765,3,0.19617756809120332,2,0.19287129733994265,0,0.06993349483208335
32,Park Hydro GreenTech Inc.,8,Canada,Green Building Practices,Private Company,2014,2024-05-11,718750,572027,117690,463974,704229,823639,456679,627117,470120,321517,2,0.16374896654072385,3,0.09288088373352137,2,0.30739864072935635,5,0.2181201653090272,5,0.13505795406571278,10,0.08279338962165861,5,0.10197633486968026,6,0.2625482951755205,2,0.17434335801863687,7,0.1440715831347521,7,0.15636392551945758,5,0.1606965032819528,4,0.20457865194504293,6,0.15393472279109113,8,0.21719453447767,6,0.11242576747783187,1,0.09211435935354526,3,0.2197519639548186,2,0.1586802554012725,10,0.15703238214634369,8,0.08351839448912791,1,0.1785569970003998,6,0.2028836798276131,7,0.21932829113524302,0,0.08830925674234658,2,0.18581964256765185,5,0.10418314617768272,9,0.2775994016716071,1,0.24485138451079613,4,0.09923716832991546
33,Pure Planet East Green,3,France,Waste Management,Community Group,2010,2024-05-11,908473,734076,685482,909607,555277,206334,756330,351321,202188,341770,8,0.1406966705818404,6,0.17849750102695014,8,0.1823562844583362,9,0.23455566490763236,4,0.10586394478495957,5,0.15802993424028114,9,0.13752705545750382,5,0.18338904555550664,2,0.10146399298299974,3,0.12582668541162437,4,0.18320310460196682,10,0.26859011599039856,9,0.2030309110055658,7,0.16029601060282764,0,0.1951072543349772,6,0.12154757111537362,5,0.1333355654538271,0,0.18668268748742858,10,0.16080936568309243,6,0.21127879248339457,3,0.15101097511463799,7,0.14381184083474477,7,0.18016992852747363,1,0.1529190973566566,2,0.1656535045504128,8,0.21007632392235356,1,0.09927505350119549,6,0.228932611045204,0,0.160121651436274,8,0.13594085554456006
34,EarthFirst Energy Site C Conservation,4,China,Waste Management,Community Group,2008,2024-05-11,355949,477753,620159,627107,807025,836753,158624,618392,569962,496646,6,0.11249005992688166,6,0.2118989245042134,1,0.13922452237187835,10,0.2644646633278582,7,0.14766729529131115,6,0.12425453457785723,2,0.1615718265255564,10,0.148127046217675,1,0.17976140915334604,5,0.2763466906382266,9,0.07217021381014332,3,0.16202281365505278,9,0.11862767954338882,5,0.18133367319896812,1,0.1555215861501706,0,0.14906661720086795,4,0.23975383933378133,6,0.15569660457282333,0,0.2054160857962529,2,0.1853415208734196,10,0.14488392194225758,4,0.13668501109068285,0,0.17518026374595794,8,0.1524931965514291,4,0.11321479137560535,7,0.10412434301128234,0,0.15057067375867156,3,0.18773535275682518,9,0.1641316291607149,0,0.2802232099369007
35,East EarthFirst Energy Solar,7,Netherlands,Forestry Management,Private Company,2002,2024-05-11,130482,818871,539928,439401,874517,179137,863864,858031,312065,739753,10,0.1911880064256531,10,0.21166509126246047,2,0.17948870232246367,8,0.2052363429708618,9,0.13083462744173352,8,0.0815872295768275,2,0.10878128096557817,1,0.14852482624027386,9,0.14567537732386057,7,0.2505257464009291,5,0.19391590251134225,5,0.15257686655801625,9,0.190856707824263,3,0.13498940415415728,5,0.33827407492081607,4,0.09008919888694046,1,0.10256903208401885,6,0.1432215821298044,8,0.19772818948400223,6,0.22634523855190072,10,0.11886229382473658,3,0.2390149565695218,3,0.09612111877458553,0,0.12192820279525321,0,0.19560208483684413,2,0.1277776101972444,3,0.23539559915367864,1,0.10892903245024466,4,0.18324587069088696,2,0.14904980267110116
36,Site B Green Nature's Way,7,Germany,Green Building Practices,Community Group,2001,2024-05-11,908781,365635,351616,127569,598012,516190,940120,287212,738067,723178,9,0.10966054176681674,2,0.1742605682186014,7,0.13902833245954346,4,0.16684804383919047,0,0.2232075532069356,0,0.1869949605089124,8,0.1693569081327854,9,0.18270397564345325,6,0.17514650882394042,5,0.12752495670790823,8,0.19073164121310715,1,0.15453600947880552,0,0.16344462994468772,5,0.17634482725559747,2,0.25138783422541827,10,0.1821956529826354,3,0.10050219786645762,6,0.12612485772520357,1,0.30112382129968507,5,0.18608942444153026,3,0.15071563981280703,7,0.13179100805060706,5,0.07702910007937361,4,0.1532510063159969,1,0.2693697050314184,7,0.19604871563581067,3,0.1631702823164221,1,0.13732591660123794,7,0.10976687866274024,5,0.12431850175237066
37,GreenTech Inc. Park Geothermal,9,South Africa,Waste Management,NGO,2006,2024-05-11,248257,247172,751896,293356,418934,339860,661268,697273,342564,677157,5,0.13181977494148303,2,0.07999678558955119,2,0.16875916150220027,8,0.19745143455037292,6,0.19279017670411672,8,0.22918266671227588,0,0.15916920929613035,8,0.2433529296742315,8,0.2159863063138952,1,0.14686829524252015,4,0.09557177311273264,2,0.1390514863604901,6,0.06530981179493056,5,0.25916182119747827,0,0.08512121551838495,1,0.1839685136786089,8,0.20925230871742242,3,0.19718632909317493,6,0.1516504127560581,3,0.22069678661954603,0,0.18491518559567025,0,0.1567973506394065,4,0.167695406409836,8,0.11824485797948306,8,0.2621045939987393,10,0.1576470250898385,3,0.1952275099011515,8,0.1434470613071809,10,0.14025105558626533,3,0.10132275411682452
38,BioEnergy Systems Solar Site B,1,Russia,Green Building Practices,Non-Profit Organization,2008,2024-05-11,641842,425226,831065,391027,833097,468608,218787,265753,340675,210897,10,0.2120294369520947,4,0.1551102622449902,6,0.15568171599325778,1,0.13767192234376763,7,0.183626632408988,9,0.15588003005690174,0,0.17910317055216535,0,0.19780493449587846,5,0.22648445607300904,4,0.17619872161191463,8,0.07039314967538578,0,0.15001556759164675,8,0.2034999692622137,1,0.13126352033398347,8,0.1716678811815376,6,0.19153314754460404,2,0.20796132336874226,4,0.09407415830891887,0,0.12823092729529129,8,0.11475764041084019,0,0.17553743556141635,8,0.16893555096985702,0,0.2688763482436842,6,0.14366209751891088,9,0.07331690497055557,2,0.1999217618418135,9,0.21219179187195794,6,0.19582120220859692,3,0.15971113771292048,10,0.15903720139415567
39,Biofuel EarthFirst Energy Site B,10,Germany,Waste Management,Government Agency,2001,2024-05-11,215549,157494,255087,724072,810653,377565,464369,525210,706733,113396,6,0.20103024177932585,0,0.17816663816874703,0,0.0864971585472864,3,0.11796826530043901,3,0.2868173235814369,10,0.12952037262276472,8,0.22761695492782524,2,0.15251559713812082,6,0.09696788327679601,2,0.2728127578340525,2,0.1270944300774482,7,0.12299237674575726,0,0.20698337254919658,0,0.16419034854728556,0,0.15019705468228312,10,0.1685967163131315,8,0.14764575670820382,0,0.16238675119989954,5,0.18733886365323668,2,0.1961100098145138,5,0.14250814263549572,3,0.192945507288902,9,0.19012253395816972,2,0.09097494264968208,5,0.13038739119903603,3,0.14151021414062945,1,0.13619892110650958,4,0.21427906852017056,5,0.15778827617104946,3,0.2198361288626049
40,Pure Planet Wind Park,6,Australia,Waste-to-Energy,Government Agency,2012,2024-05-11,784206,228482,330367,901215,182090,572473,851030,144035,116236,179608,2,0.09888974555759798,2,0.18918507783752536,10,0.17511106393114517,8,0.20896712736933307,6,0.1478782356082538,4,0.17996874969614468,9,0.17896269232896686,4,0.10137249913493608,7,0.19889066193455032,5,0.13188154840010866,1,0.21799141240678652,9,0.17090118579465177,7,0.1684819236335471,2,0.16585906024227223,6,0.1392415587227973,3,0.2484949322179822,6,0.14175551763659178,7,0.13616700754680944,7,0.23480424601783764,7,0.06839688709875141,3,0.11947083769940561,7,0.1612010659756785,7,0.27726973198229576,10,0.13885723122603125,7,0.14573036356972713,6,0.13645785709490416,0,0.11775346698374238,2,0.32278147443338295,1,0.15378836777998578,1,0.12348847013825764
41,Wind ClimateCare Ltd. Site B,3,Netherlands,Energy Efficiency,Non-Profit Organization,2014,2024-05-11,146057,925889,631325,310534,300015,574100,520016,549867,695137,323760,6,0.18441529632381257,9,0.18457410224416818,3,0.12278508359981109,9,0.18746825366128872,6,0.1413975566309469,8,0.17935970753997246,8,0.24216599325007412,10,0.12972332812198165,5,0.11223685764146947,4,0.18831603318609066,1,0.13758582924529242,4,0.18997195855509166,3,0.23212751767635087,2,0.10469446338175,6,0.12632632728458074,2,0.2524695683367282,3,0.15517063953752583,10,0.1292114837830645,0,0.1537909326900481,5,0.1578213010902523,5,0.15919785887444077,1,0.17259360618785247,7,0.23855350898854424,3,0.11804279216886225,8,0.17272122126395795,3,0.13920957206534443,8,0.2001929761750945,9,0.17550357539157374,4,0.11320821003629362,10,0.19916444506773573
42,Reserve Solar BioEnergy Systems,8,South Africa,Green Building Practices,Government Agency,2010,2024-05-11,175919,672005,633714,933438,137626,355669,827276,645129,550018,523276,2,0.20567732313465253,7,0.18699267904160255,1,0.09022305788715114,8,0.08736033573960164,9,0.25817757053291207,10,0.17156903366408008,10,0.14823259737385458,4,0.13033611932237893,3,0.15169661159504397,8,0.1843996115376058,3,0.1859809994180462,2,0.19935406075307066,8,0.14409338665444735,8,0.21022375487055975,8,0.17810034348543505,10,0.12058062433450223,8,0.1959794202686589,10,0.15102247038639688,3,0.13496068346671047,5,0.21538872674652687,7,0.10912444279120558,5,0.25298549831742484,2,0.14347331886475667,7,0.1440673298133756,6,0.07058960038884281,10,0.11961558978906044,7,0.21025115006311468,8,0.11624343308725803,4,0.31616328546384603,4,0.16713694120787803
43,South Clean Power Co. Solar,6,Indonesia,Air Pollution Reduction,Non-Profit Organization,2012,2024-05-11,623714,804219,936260,377045,861466,903183,734371,243830,656401,449846,0,0.11667272810512118,2,0.21453815710710936,9,0.14356008362993583,6,0.20298939998112442,1,0.12583170161144505,8,0.19640792956526423,2,0.26533367382630807,3,0.18359626945981772,9,0.17194620009089234,3,0.1232888520910823,0,0.16158682437870736,9,0.09424818015319215,8,0.09107627470152717,7,0.2819763324518656,5,0.21761382673132426,6,0.11328469457164722,10,0.15004723477309836,8,0.14600163677053746,0,0.12870341593101634,7,0.10172850988542857,2,0.17824029106720768,8,0.23768358180235943,7,0.250027397826793,9,0.1036168034871951,7,0.08783854282969525,5,0.16581525932891064,8,0.17351441166374376,4,0.25346610763508376,7,0.1521078114204433,4,0.16725786712212318
44,Renewable Solutions Green Park,5,India,Forestry Management,NGO,2008,2024-05-11,129479,880190,880100,231426,338763,141712,384556,315471,801088,353957,2,0.3015461247785818,6,0.1536331734358084,0,0.14832384114962496,3,0.11606641244678363,0,0.20273407807702332,9,0.07769637011217786,7,0.16833314626431028,9,0.18197339423463307,3,0.15349123461193223,4,0.152251566572053,9,0.16295189551794073,4,0.1809987627991307,10,0.2144062937036071,8,0.17811159463543333,3,0.13507748296146999,1,0.19179006740887747,10,0.10568778421759237,0,0.17492677707301976,2,0.23686160658005867,3,0.1501043611256699,0,0.0776031325383953,6,0.143375484612935,5,0.2272250340751346,7,0.1648303810678065,1,0.18711870925299187,2,0.15114276257039402,2,0.18322815519056324,5,0.12014657897672987,3,0.13083609777949853,0,0.22752769622982244
45,Hydro Site C EarthFirst Energy,6,Brazil,Waste Management,NGO,2000,2024-05-11,941704,619583,564666,750073,103874,722215,263182,587091,809803,684338,6,0.16522217572607317,0,0.15430792815293923,4,0.17158560831425665,10,0.1708677207941657,4,0.1818069992547886,2,0.15620956775777678,10,0.12702022293365953,7,0.18250762298013404,2,0.1884451950229512,6,0.18617403938021307,0,0.25419892641253733,9,0.06165399327050497,8,0.15399489400351213,9,0.17849257735326696,6,0.09802675701250199,3,0.13648332329313953,5,0.18408289430796623,5,0.24891955402961305,9,0.19027595047404752,10,0.13424172788537347,4,0.1604944023534586,2,0.19575722543907606,6,0.16888847359801945,0,0.15034222025002475,1,0.18325560542047223,3,0.1830117419661802,8,0.09869064164758722,10,0.20543611959784966,7,0.21469042679731773,1,0.11491546457059296
46,North Hydro Clean Power Co.,2,Germany,Sustainable Agriculture,Community Group,2003,2024-05-11,235858,657645,166446,676745,250968,267078,939036,239868,678085,433561,2,0.17066710668281757,4,0.14847380959872683,0,0.2655717468660132,2,0.16079809824991886,9,0.11002059065403978,10,0.14446864794848405,10,0.17346940285202514,6,0.1320750582207001,5,0.23017246294425822,7,0.15459582410440736,3,0.15934084162690065,9,0.15034641025170856,2,0.19438030074820126,10,0.1447140671861171,10,0.1993163935582134,2,0.2917495312391242,6,0.08429400809028627,8,0.08554569917805789,3,0.2381012230147741,10,0.20763530264852598,5,0.13995205043710365,0,0.09035920465418953,9,0.19989980067767518,1,0.12405241856773161,6,0.16921400471126483,10,0.13570613036262635,1,0.21450341030215458,1,0.13092072662702553,0,0.15099249178683954,1,0.19866323621008913
47,Site B Recycling Nature's Way,10,Russia,Air Pollution Reduction,NGO,2010,2024-05-11,412620,501457,397100,503600,345075,335510,936232,222408,213451,655462,0,0.1120326812010606,7,0.1513838767391285,3,0.2132116471542514,3,0.16345913004315138,10,0.20306155715410845,3,0.15685110770829963,7,0.23955192913621898,4,0.20373492276178856,8,0.1619355769462767,1,0.06265151075858903,10,0.17838991311013053,10,0.1537361472869961,6,0.16059241880810296,8,0.12205778496207594,10,0.2768030546940805,4,0.17453990722829962,3,0.11455769612125105,10,0.15144913818618988,1,0.14609750403945912,7,0.1675394576467955,3,0.1381704484952015,7,0.13863108309443448,4,0.18072348044259284,10,0.22883802628151664,1,0.15460174995651446,0,0.11715406539185896,3,0.2774593467999875,2,0.08280588379053883,8,0.15426357704207347,0,0.21371537701902693
48,Site B Sustainable Futures Recycling,1,USA,Air Pollution Reduction,Government Agency,2004,2024-05-11,816922,841465,468531,358689,117817,648619,118715,307402,216817,340508,4,0.15346094420348946,6,0.14856038957463638,7,0.18990865845906088,2,0.14977067445069855,2,0.24391513443086452,5,0.11438419888125015,2,0.1369592376627406,8,0.18409203490883402,0,0.17921632638461454,2,0.18614715197406093,8,0.1849079476449118,10,0.128677301424838,4,0.14190964782503296,4,0.19311373401191367,9,0.10768669721868505,7,0.26174555053263837,8,0.12254684829767767,1,0.17299752211405228,8,0.19033312434149932,0,0.09471158011524129,2,0.10858583670336676,8,0.191290947109069,4,0.1446789362419879,10,0.27039957548883586,3,0.2225139119124241,5,0.19192978699152177,4,0.13965418844014496,10,0.13409083715490155,3,0.1608503203135419,1,0.1509609551874658
49,BioEnergy Systems Site A Sustainable,6,Indonesia,Green Building Practices,Non-Profit Organization,2014,2024-05-11,782776,786466,309868,103722,918855,151716,368326,814860,132281,201311,9,0.16645102054955935,5,0.21423311805511538,6,0.19436742481556915,8,0.11829242668660726,10,0.16481078053466597,2,0.141845229358483,1,0.14826250218036324,2,0.21545008311520988,1,0.16885644148760617,4,0.14078050215702873,4,0.1338305104455398,7,0.1928199606142523,7,0.23220509167519615,1,0.21804714276918302,1,0.18397781736001337,9,0.15555559897211438,9,0.05870213509105689,0,0.1515122141324362,9,0.1253918492782171,0,0.13411675313924,7,0.1782281836566058,10,0.1513009953946324,7,0.2114225635756565,1,0.19953965495564813,4,0.20234881591205267,5,0.15498254910074954,0,0.14971800648091296,1,0.17056794444019183,10,0.10727409424472956,0,0.21510858982136336
50,Recycling Site C Renewable Solutions,2,France,Waste-to-Energy,Private Company,2005,2024-05-11,891198,654738,599951,618065,915426,498775,796995,441455,891730,585539,2,0.1616150952306293,3,0.2237885001598601,5,0.15443738440484242,5,0.11804411686898188,9,0.1221422459905881,5,0.21997265734509833,1,0.151876613555817,0,0.10583356170167325,8,0.26604583678111476,9,0.2504561828526737,2,0.12141266340889348,6,0.10437514169982795,1,0.23160807855294724,10,0.10454920652009408,5,0.17088128656420395,3,0.18952239939815727,7,0.1454957599059944,10,0.15794326905860318,3,0.18582120450478815,9,0.14294138028359926,8,0.16843174606976585,8,0.2395647787365748,7,0.09184572515569375,6,0.17139516524957818,1,0.1123492261006367,6,0.21818150710966475,2,0.16376461178184423,10,0.16281256380311487,1,0.21326712748416485,4,0.1296249637205745
51,West EarthFirst Energy Eco-Friendly,5,Brazil,Forestry Management,Community Group,2000,2024-05-11,462312,715665,224118,818130,783077,922146,235762,108378,849714,275297,2,0.11906794289687049,0,0.27946173482495046,0,0.16717772698660247,6,0.13059462453920603,9,0.18667387927950554,8,0.11702409147286495,7,0.13878592105438523,6,0.21653302680665829,5,0.21294858010394085,8,0.13318321554548138,5,0.1604843049548445,0,0.13806495153468973,3,0.11266119080899659,5,0.14209415619888746,8,0.1285358756781347,10,0.2266047571838298,2,0.11904996850476926,7,0.2710540516253821,7,0.17944124418525126,6,0.19134616486793823,4,0.12109011723629529,5,0.20442394413945703,8,0.16309802499008874,6,0.14060050458096934,10,0.1471980682070709,1,0.13636717512923852,8,0.15351365280385884,3,0.2615343046247208,7,0.09408118945248051,3,0.20730560978263046
52,Biofuel Park ClimateCare Ltd.,6,South Korea,Green Building Practices,Private Company,2011,2024-05-11,337051,691360,540119,275247,538693,475907,213680,914813,621680,256137,10,0.2397807379797266,2,0.11839627933357194,4,0.11863713641390122,2,0.0978747745982608,7,0.19937060979070448,8,0.22594046188383515,3,0.10873899214742372,6,0.18974022755952463,1,0.21757448570327578,8,0.16946458380483503,4,0.147369288821428,7,0.1671124219635128,3,0.19681358375479724,10,0.1897151470034374,10,0.21918993030014533,10,0.13564964094999002,3,0.10083626671696125,9,0.1577954312746688,4,0.2191064558540385,10,0.16604902774259983,0,0.11966084576835125,3,0.24701998680419004,2,0.12959998232867806,3,0.11856370150214231,8,0.2119190371451703,0,0.07811296945961202,5,0.13545577374487217,10,0.2898935139697141,0,0.14001145167968154,9,0.14460725400095012
53,Solar Site B Renewable Solutions,9,Mexico,Water Conservation,Community Group,2002,2024-05-11,924768,535727,581589,612947,909643,132715,379312,676728,181229,468372,4,0.11907827538820698,2,0.15215411205402368,1,0.20670465079462427,10,0.17263000922630659,3,0.17117249955746877,10,0.17826045297936968,2,0.09996451649470402,2,0.2063124063776259,1,0.14287407595883658,2,0.22047108573045493,4,0.13628703256121838,10,0.19409088287716011,1,0.11863500034192397,4,0.0693141554752076,3,0.14129918958815346,7,0.17023817512622738,8,0.2313165954039575,3,0.2691968840645302,6,0.1103109566202036,10,0.26329053845683764,7,0.2686713919442835,8,0.13436146951938538,8,0.10141176312737597,3,0.1219538803319139,0,0.21758738748065368,1,0.10672468581120859,4,0.15944372885348043,5,0.21049303028013142,6,0.1527123360490628,5,0.15303883152546296
54,Eco-Friendly Park Nature's Way,8,South Korea,Waste-to-Energy,Non-Profit Organization,2009,2024-05-11,632779,568411,607544,184603,750232,203190,564477,184777,120937,797436,6,0.13359457905136202,5,0.21820794434478802,5,0.11236647709827588,4,0.27477563991769605,0,0.13485553844993542,6,0.12619982113794248,1,0.22517514822961393,5,0.11548652067171782,10,0.1383687187745337,5,0.11813834841363151,9,0.19192257787066513,10,0.21090868603983798,10,0.13060508624825967,3,0.08866881862379972,6,0.11667773726019187,5,0.27934076881162473,2,0.1570643399025084,6,0.22764324915361547,9,0.14093649004719697,6,0.07302009860161959,7,0.0921388688430091,0,0.1618826257899831,2,0.21584347532794732,0,0.3161784413902439,4,0.1936028025554672,1,0.22423889559558974,4,0.13880948879649196,5,0.10725637512635326,2,0.22996328145823192,5,0.1061291564678659
55,Sustainable Park Nature's Way,9,USA,Waste-to-Energy,Community Group,2008,2024-05-11,452336,938571,622626,508419,240663,383841,346833,881413,529415,528208,4,0.16927843586264776,1,0.2631383312653165,7,0.11365299030850323,8,0.14083372055069823,3,0.19711499294791596,0,0.11598152906491836,6,0.21658735582371813,6,0.15969488325130568,10,0.18121211857739644,7,0.17434993784080377,7,0.13804260804262655,9,0.13011309646414948,3,0.18798177925765364,4,0.18672903434990779,2,0.08947681790655654,4,0.2194668588485093,6,0.1801563889381352,9,0.13618912069923747,6,0.14468630197323556,4,0.12245992816601743,6,0.20427633746057483,10,0.14446968269486996,3,0.21619255585946703,8,0.16791519384583534,5,0.1490296199664458,4,0.11257170032912561,9,0.25785666849737354,7,0.09125079061942099,6,0.2405152561808494,2,0.14877596440678476
56,North Renewable Solutions Wind,5,South Africa,Carbon Capture,NGO,2013,2024-05-11,793361,102365,562992,760977,384018,550431,548962,494582,877565,192148,1,0.18750302478307423,8,0.18171673435381028,0,0.12343055884035352,10,0.22583613627843951,5,0.13919568139012473,10,0.1423178643541978,8,0.15930699628439418,9,0.21600194390268415,6,0.15223807150077717,5,0.1426559757487767,3,0.21397014289448305,8,0.1158268696688846,1,0.18705973215039517,4,0.17257326701517853,0,0.13162390746383915,3,0.1933048704039991,6,0.10355028318528184,10,0.21188793978130627,1,0.1994814444017039,0,0.06946463093964211,5,0.17472030030673086,8,0.14979449374117468,4,0.15736563745784835,0,0.24917349315290024,1,0.2392909983036377,1,0.10036893945143494,5,0.16588251185969463,0,0.21163253441770916,3,0.12411521330897675,7,0.15870980265854692
57,Site A Wind Renewable Solutions,1,Spain,Forestry Management,NGO,2004,2024-05-11,703078,256601,810761,574085,550017,173509,528907,610153,810049,441810,3,0.17794034747352067,0,0.20084339083587077,10,0.20339127492095174,7,0.1131994889226317,5,0.11059958932594566,1,0.19402590852107954,1,0.2218417215702616,0,0.14001824767746857,8,0.16522982817183904,9,0.11554041637338118,4,0.1831582330996341,4,0.1742115531074155,10,0.1887736132828296,10,0.19632376012378966,2,0.1453292907597006,5,0.17661937884827938,5,0.0753448063771167,5,0.2176091506082839,5,0.21645402221916715,8,0.11790284573879621,7,0.15230953150319762,7,0.07626017201582695,9,0.2577612328459657,4,0.17931219567704634,2,0.1478142372703405,7,0.09905196123820831,3,0.24436600435637343,8,0.1283036816677634,4,0.14478190614117528,10,0.23568220932613915
58,West Biofuel GreenTech Inc.,6,USA,Renewable Energy,Government Agency,2006,2024-05-11,630553,175868,269317,619821,925437,828975,373146,677247,209640,285983,3,0.20699275814150864,1,0.24437111290703262,7,0.1290384473074656,8,0.19243873738471173,5,0.11254252329362824,2,0.11461642096565303,5,0.10138205504961793,1,0.15207229301410133,6,0.2016042159052781,4,0.18833317902563235,9,0.1914712595313946,7,0.1651369974739757,7,0.20848711748711468,4,0.13758126063312187,1,0.1107370185105524,7,0.17516903331913425,3,0.25113718132726354,4,0.11688838872281336,9,0.2150148973274974,0,0.10944611254769598,6,0.22750962558756047,9,0.14742369571210742,0,0.10895398042483984,1,0.19165168840029895,7,0.10792061620518971,6,0.16230966565261254,6,0.15797855113339832,10,0.21005719918862606,5,0.18353505913759083,1,0.17819890868258262
59,Site C GreenTech Inc. Wind,5,USA,Air Pollution Reduction,NGO,2007,2024-05-11,497727,342688,718803,710531,449702,845770,445372,401096,632203,405188,6,0.08328934746256111,3,0.19706393034340175,4,0.15877141196014294,6,0.14272897521525832,8,0.12689093433364473,4,0.2912554006849911,3,0.2560071087623682,10,0.10579914436898405,0,0.11375247298057967,7,0.1512146680152792,9,0.1950556298419819,3,0.17817097603080703,1,0.1281055901980393,1,0.14883878837921313,0,0.14104591469226782,0,0.24581378891505923,2,0.1604497065070926,7,0.175746211308328,9,0.23089521772274058,5,0.10366399139130714,8,0.20110361952868822,0,0.15670372647047026,6,0.19187679876401842,9,0.11575664612277546,7,0.09665659979605407,2,0.19324493691307398,8,0.14242511321220386,5,0.19665264605577065,4,0.1742219917416716,7,0.19679871228122595
60,Site B Geothermal BioEnergy Systems,7,Turkey,Renewable Energy,Government Agency,2006,2024-05-11,778544,736480,216843,744118,202934,503556,217437,241280,301018,850767,5,0.12635163167321678,8,0.1552631124255844,7,0.2308119564925203,2,0.20290319501152546,4,0.11653137997398019,4,0.1681387244231728,9,0.13647706190717682,5,0.19778073337728685,10,0.1974154881647116,0,0.15647765213978984,4,0.1373783688902578,8,0.174470695520777,4,0.2270123809083907,10,0.2001249461811225,5,0.14348788037375354,5,0.13740703797787038,2,0.10832194506441321,0,0.18364580949444964,2,0.15043827513657249,5,0.15228880386805846,4,0.15968020838649657,7,0.1785306285963682,1,0.18109743530227126,4,0.1779646487102331,9,0.14599624925443355,9,0.1071601696768074,1,0.23671273636231432,1,0.1585985542944986,4,0.2276993919250842,0,0.1238328984868619
61,Sustainable Futures Sustainable Park,2,South Korea,Carbon Capture,Government Agency,2006,2024-05-11,711554,778341,321817,281901,707793,289825,581246,588766,630878,715640,4,0.11346260848056995,10,0.12324271933500056,5,0.20719749563082973,2,0.17936669159616692,0,0.12931827774100438,9,0.24741220721642845,0,0.16899065155364426,3,0.19430801603947623,7,0.1929339235321772,5,0.16916200243596471,0,0.12229020380426275,10,0.15231520263447482,0,0.13127576105438216,7,0.2701723436201582,3,0.09226457793634191,1,0.1353801593775945,3,0.2127552268286654,6,0.15815193118285767,1,0.16059843848214606,1,0.252022335727905,8,0.16783450093204583,9,0.21177241044939665,6,0.10593843567610925,6,0.10183387873239724,10,0.14705449451407224,2,0.12056843402672862,2,0.18040315760146927,3,0.2294621759443171,2,0.1927876048948197,7,0.12972413301859306
62,Wind Site C ClimateCare Ltd.,5,Sweden,Waste-to-Energy,Government Agency,2009,2024-05-11,142451,504101,576366,100901,393529,463969,282944,108345,466323,795663,10,0.1278447911013122,5,0.08556702949687188,8,0.2685088614950621,10,0.17114176875076442,1,0.15972985483515756,4,0.18720769432083176,9,0.19066533125374563,6,0.22021043203480095,6,0.11830865659789956,0,0.09584481441834211,5,0.1647979402507958,8,0.21017282544441582,1,0.13500441846691652,1,0.12945798191626798,0,0.17801715075238855,8,0.21349620754833268,4,0.11794096477826557,9,0.22608327653782873,8,0.29040038458967965,0,0.10217395158341894,1,0.2059788970110169,2,0.2160511432264762,10,0.08801228626904367,0,0.09738333732036464,5,0.2281850703294484,9,0.16118817715331327,0,0.16394093335721605,4,0.1166684355268732,2,0.1969030768229247,5,0.13311430681022451
63,Site B Conservation Clean Power Co.,6,USA,Sustainable Agriculture,NGO,2011,2024-05-11,595163,912166,216437,146884,117667,243815,617121,348646,567042,928857,9,0.15461156280821312,9,0.20960679637737625,8,0.2186855733523091,4,0.13149084501530858,1,0.1255139174505567,10,0.16009130499623625,3,0.08807145640128933,7,0.13437786156107048,10,0.137812881262331,9,0.20578467547286075,0,0.1816770183510451,1,0.25227610695140346,2,0.15202211363046392,5,0.21426438340774873,10,0.15678415648896152,9,0.15001239982148723,9,0.20090551451877514,1,0.12601143213256338,2,0.16362219922674018,4,0.14563470188891844,5,0.14149705982055222,6,0.20449401621477223,5,0.16313438615656348,7,0.18161763669245343,6,0.2179975744203672,9,0.1268021607752675,9,0.21995949295965422,8,0.16171571830781767,10,0.12399655228763079,3,0.1495285012492626
64,Hydro EcoEnergy Corp. Reserve,3,Netherlands,Renewable Energy,NGO,2012,2024-05-11,620901,917815,125519,509079,344841,943788,895556,422035,567674,552191,6,0.08801754098023937,1,0.16114645376878198,0,0.29604650682439854,9,0.15758980765754266,2,0.2041759245153959,4,0.09302376625364157,9,0.15195818854980545,3,0.2090249005668951,3,0.08537162805741995,0,0.28404184393427984,6,0.08057082420710907,2,0.18903261468449076,1,0.13558556001764632,3,0.15430723393969834,4,0.11960509013052037,10,0.276385674328758,5,0.1491893282118206,10,0.16492711337155638,5,0.13767283033773192,1,0.1712726258647114,7,0.06589760772129132,3,0.17273641957032862,4,0.2984326296381197,6,0.15398788686781695,2,0.09019768960390849,6,0.30584426185275976,5,0.09979347224699195,5,0.15699660893172518,5,0.15736054694275145,9,0.18980742042186313
65,Sustainable North ClimateCare Ltd.,7,South Africa,Green Building Practices,Non-Profit Organization,2006,2024-05-11,795639,885911,407584,719199,401510,640504,830626,584996,455628,502995,1,0.22564206669846806,1,0.15389291317309764,4,0.20233076431620792,5,0.14790744360547445,10,0.12678299288667816,2,0.14344381932007355,1,0.1747451965229145,3,0.2046786886993598,5,0.08066705533549057,0,0.17083159370362605,2,0.1473241664963583,3,0.2217532992422508,8,0.12545543489930006,0,0.2950956139135569,3,0.16534652541241676,1,0.1753899193254626,5,0.19952419165380667,3,0.039188314795457084,6,0.14621344884663529,2,0.2419761308145717,5,0.14028588332534353,1,0.12557334832718972,3,0.1259844282884563,10,0.21996676039780338,1,0.14040806847963522,2,0.184520062448553,10,0.09028908557580938,2,0.24496007687208898,0,0.21451636012507647,0,0.1253063464988369
66,Recycling BioEnergy Systems Site B,1,Germany,Air Pollution Reduction,Community Group,2008,2024-05-11,739818,662552,391167,762124,675067,460127,437683,740839,229574,425955,5,0.1238751825538341,6,0.23268197847873512,8,0.17241085108475482,5,0.15120801490566224,5,0.17274993803557723,0,0.14707403494143645,10,0.12175996797180016,3,0.15387210384289116,9,0.1781232356681539,4,0.15004442841321988,6,0.2731841072191183,9,0.12301615688481661,6,0.18249913849217558,0,0.1609937483051814,7,0.10995459868254524,9,0.2183531648021531,9,0.17591454110069366,1,0.15228480861725094,0,0.2535727549609204,1,0.20548287213683655,7,0.17895429403608792,10,0.16444855912196696,9,0.09291300762512002,3,0.10462851211906812,3,0.18248169300938913,9,0.21343585235337925,3,0.1316332638133628,4,0.1801291892231465,5,0.1984002269992074,0,0.09391977460151492
67,Recycling Sustainable Futures East,8,China,Green Building Practices,Community Group,2008,2024-05-11,169542,637475,361829,735251,116570,627389,709141,109575,405024,175369,0,0.15871846582774507,6,0.1718462986071864,5,0.19248655947433985,5,0.1827611630679569,8,0.16732595811592949,4,0.1268615549068422,7,0.1599522232891861,2,0.12920888210913797,9,0.16849085391316715,7,0.17114352525313067,1,0.17370389399076905,8,0.19750062144460914,0,0.21419188045008206,2,0.19235928400801852,0,0.1363609820457442,1,0.1686127489835636,3,0.09882835820624193,6,0.18964674630634965,2,0.1972391816331689,2,0.1317055960974307,7,0.23409143542558844,7,0.18181069343451348,0,0.0910667974678824,0,0.16408629594141613,0,0.10540029734233944,0,0.16449917170046324,9,0.18767685417061325,0,0.14653755033363777,2,0.24704096226200498,8,0.1488451641909413
68,Conservation Reserve Nature's Way,1,Germany,Sustainable Agriculture,Government Agency,2010,2024-05-11,518345,720882,377226,168121,618575,117978,326786,582132,577427,502536,5,0.11309216056317348,4,0.16660415027823483,1,0.26564808995527134,10,0.15658789858037345,0,0.1459354480827333,2,0.15213225254021356,4,0.1568844868548266,10,0.15180095490093864,0,0.20653985792984225,10,0.24852370634838836,6,0.1167349481684402,9,0.11951604579756393,8,0.12720904913381653,2,0.22868471915666883,7,0.11520261469070828,8,0.17570914665767423,10,0.19576887809153778,6,0.15742559226959443,6,0.14480718067056517,5,0.15157087873466726,6,0.2467407402450633,4,0.10328963511804734,5,0.15865994941424527,6,0.19493161581741178,5,0.1398140315490908,2,0.13237070988053826,1,0.16080185873631064,2,0.1292240037115258,6,0.14648326497005248,1,0.29130613115248194
69,South Nature's Way Green,8,Italy,Green Building Practices,NGO,2007,2024-05-11,516403,663276,299817,590265,742521,630194,459555,201318,809764,407434,9,0.17392942446856663,10,0.2017891552154428,8,0.16178084477417345,5,0.17504229291012816,6,0.10124318784598607,10,0.1862150947857028,4,0.16547334456493382,8,0.14031865322190532,6,0.11464832166551925,0,0.22141289235237965,7,0.10518744609969018,10,0.25295934209557186,6,0.13423024719782062,7,0.09567738620288233,4,0.21339588968057452,1,0.15281442979302015,8,0.22233524969185733,5,0.18154679743384508,5,0.10602922994261627,7,0.12908531531104947,0,0.17586766874998097,7,0.19701186799357798,6,0.24098827689588107,5,0.15101764110689428,9,0.210994859962745,10,0.14193979116991456,8,0.20615717104612727,7,0.11691629630271481,9,0.09414456880940711,7,0.2298473127090913
70,Site A Clean Power Co. Biofuel,9,Italy,Waste Management,NGO,2010,2024-05-11,839062,685660,893009,501499,161562,802389,844903,530892,857670,894214,7,0.17913647929835821,0,0.14089314399729616,1,0.22739320655395762,9,0.10727389494307478,6,0.1381388260898767,1,0.20716444911743653,4,0.08847677857402812,10,0.16601234546232713,4,0.1661515396162843,5,0.18188442351509967,9,0.2256062832542033,4,0.17186862957805749,8,0.200573220580752,9,0.09430425637517212,1,0.1851267488429177,10,0.16616519055905324,0,0.08899295612726013,4,0.26483762751484474,6,0.07850683004547519,10,0.14714248265150748,9,0.2359725641463785,5,0.1818934628632055,7,0.14804672699764054,8,0.20843793329579277,4,0.1969648236441236,7,0.11245717470883491,10,0.19295516631201376,1,0.2440602373942147,7,0.1449694755132416,7,0.10859312242757156
71,Reserve Green Renewable Solutions,1,Turkey,Air Pollution Reduction,Community Group,2014,2024-05-11,324685,120602,644543,916861,582319,709828,867430,263054,556342,555712,2,0.10407845539093798,3,0.2556525361291223,10,0.15173352160033243,5,0.11711136687056042,6,0.1960839897487348,3,0.17534013026031203,3,0.1456019476998541,9,0.1715769095592136,7,0.16024942145687796,2,0.14739084328751678,6,0.2557197546189201,0,0.11946112337761744,2,0.15861953909292248,9,0.1961081986601572,6,0.1569718772291161,2,0.17750871135122853,8,0.17309201167306248,5,0.13769966199351324,3,0.16765502666633392,4,0.22602276516366668,1,0.1551244773166674,0,0.15534403169802158,2,0.20041969626353084,4,0.09543400289177963,4,0.18916771375066027,5,0.1538552853992824,6,0.1758471522759965,7,0.16477630461891093,2,0.18699538817227818,8,0.12935815578287183
72,Geothermal EcoEnergy Corp. Site D,9,Canada,Water Conservation,Government Agency,2014,2024-05-11,198364,593874,382548,365627,378464,326612,759642,885871,889997,921544,9,0.14019046088439527,0,0.3117124491017541,0,0.17414442383349646,7,0.18596792757818553,3,0.0737957946431282,10,0.11418894395904049,7,0.14297703624908806,10,0.07327401142496484,0,0.28210182051804317,9,0.1429791448835563,0,0.15187502164007755,5,0.20679296528427032,2,0.1585720027355025,9,0.09891246038816842,6,0.19126441630000288,10,0.16548226725679985,7,0.24396567727388657,0,0.14180317604563977,8,0.08415684215742116,4,0.15846790410055345,8,0.14860746371721079,8,0.22981562678284034,10,0.13023299757804271,8,0.24871916566393154,9,0.17328269856055306,7,0.11747170256590206,4,0.15245183742466453,7,0.1763565418049017,2,0.1797880898553184,6,0.20064912978866023
73,Site C Recycling GreenTech Inc.,3,Brazil,Energy Efficiency,Government Agency,2012,2024-05-11,422805,709568,427608,149470,767628,397389,845157,646984,378354,441975,6,0.1925847150581323,0,0.23558881845019256,2,0.11634394052646985,3,0.14235296789683957,7,0.231544505017246,9,0.08158505305111967,7,0.20827087773904923,2,0.1331453083703225,0,0.18849414162575548,9,0.15387802288769534,9,0.19305748350289223,8,0.12315416587428515,5,0.1390466787911662,2,0.16520340973733422,7,0.2826176984673314,3,0.2117129021967254,1,0.12908236028231967,7,0.07233695052512304,5,0.2287562939475596,4,0.1681289349240306,1,0.07514763648270682,4,0.11388473169937723,2,0.21686852847844398,4,0.19721387446788177,2,0.24475365089690462,0,0.10349631280752673,6,0.15467041127887682,3,0.15697814319150985,5,0.1806524622735177,3,0.15944901955166416
74,EcoEnergy Corp. Sustainable East,1,South Africa,Green Building Practices,NGO,2008,2024-05-11,240707,230929,671938,398167,563486,421713,671809,165182,708574,139824,9,0.17528186391354908,6,0.16639088664582807,1,0.11646676145115861,9,0.1690880172733197,8,0.15453207353341908,0,0.21824039718272548,0,0.20342360746742474,9,0.2590774625489845,9,0.05290294826347507,10,0.21324820079986428,3,0.14211018241182477,5,0.12923759850842678,7,0.21065090545719828,0,0.16955526812042215,6,0.21718825090064214,6,0.14537383019459002,7,0.1020345803273456,10,0.15519716499980188,9,0.12024294561916281,10,0.2587454015037254,9,0.14689333222695888,10,0.1508945052967281,7,0.21623855511935988,8,0.10698526023406481,1,0.13051635198931724,6,0.18933538411724762,4,0.11974594468438284,2,0.18582597776446244,6,0.2552151701261818,10,0.11936117131840798
75,Nature's Way Reserve Wind,8,Indonesia,Forestry Management,Private Company,2014,2024-05-11,450101,534580,806821,689422,762268,337211,815687,149187,207377,424769,10,0.1291611295789239,4,0.17694970492373713,6,0.16924234615572736,3,0.2494938982685062,8,0.15583861755370568,1,0.11931430351939978,4,0.17957920915368808,6,0.15756540992243892,0,0.1554592785636756,10,0.13365197051111052,0,0.21717259059556868,7,0.15657154125351827,5,0.12270899475332941,1,0.13826735398947843,1,0.20947839563148768,3,0.1478931294896942,8,0.16954821024291,4,0.21210391589310001,6,0.25062513293259814,2,0.1033745083652733,3,0.1584095623312422,0,0.08752393416778477,9,0.12774819069946122,6,0.2723186715036405,4,0.14516836333699584,10,0.15424695572784763,7,0.2012836440573475,10,0.27933450506986407,10,0.08609686781107553,2,0.13386966399686936
76,BioEnergy Systems South Solar,1,Mexico,Energy Efficiency,Community Group,2006,2024-05-11,668998,529352,309252,813484,425123,211208,404342,298560,548106,577675,9,0.12591287185194708,8,0.21277945432576936,9,0.11466227945558848,6,0.1126623310246862,9,0.24912045334708965,6,0.18486260999491938,3,0.13394489331065154,5,0.11801094261543972,6,0.2419827486795832,8,0.1595967677948773,2,0.1591717129590273,5,0.18729293464042077,2,0.1631582727944054,6,0.1861593328691572,1,0.20583836297895916,3,0.127965712919885,7,0.20432082537514787,4,0.11255749306244547,0,0.17274980514630955,1,0.2028698514770125,3,0.09782353283648663,7,0.20837271066578694,10,0.14893897073578763,0,0.16924512913861658,10,0.1743609834935334,8,0.14485700749195699,5,0.2222513651657897,6,0.16041572738764825,2,0.12950513544893744,4,0.16860978101213409
77,Recycling Reserve Clean Power Co.,3,Poland,Sustainable Agriculture,Private Company,2005,2024-05-11,649961,842542,261699,252599,728728,602589,123826,136559,730543,425098,4,0.20934170578050254,3,0.14449348020706768,5,0.20632447335831128,1,0.1207362542675304,7,0.10018951175066639,7,0.21891457463592162,8,0.1474306758147075,1,0.09710409733978315,3,0.11344323403483307,3,0.2733467015517171,1,0.20306021169431226,8,0.16561507956464694,10,0.18456102915036138,5,0.14842748303509457,5,0.17741819992496574,10,0.17014652778271794,3,0.15644768751501323,1,0.1629990725918472,9,0.21245322207074488,2,0.19591720964512638,7,0.10326419263556444,10,0.16350978712666148,5,0.19959948312073109,9,0.12525610540117174,2,0.24326675478604978,3,0.17110664663304007,5,0.2848243363425564,2,0.09809555928065908,10,0.13289158614399835,3,0.06981511681369644
78,West BioEnergy Systems Sustainable,4,Australia,Air Pollution Reduction,Government Agency,2001,2024-05-11,700009,491010,839995,103281,803107,794832,812843,374790,839709,103942,0,0.19489002895429058,5,0.14201948784284094,7,0.16322564612198787,0,0.15399848562322405,10,0.13481601637185683,10,0.21105033508579976,1,0.1186668666533372,1,0.1149080963071309,5,0.21132739240066703,8,0.1809638729770308,7,0.1817704189619647,3,0.19236335269986957,9,0.13741831108826275,4,0.2412507847420262,9,0.1735887563925999,6,0.16194666998103857,0,0.16326687947286253,9,0.12252859832321006,5,0.14388004302616791,5,0.22845358038046454,5,0.20457808571576208,3,0.08672669639689709,0,0.17295683690021318,8,0.1634047575804953,4,0.22163829716303077,2,0.12854676270261806,6,0.12262993663581373,1,0.2364741716386806,7,0.11193577603687764,6,0.1787750558229793
79,Solar South Clean Power Co.,7,France,Waste Management,Community Group,2002,2024-05-11,793293,842537,489658,363747,352656,878974,717422,530375,890691,433195,9,0.11339671710579502,3,0.13954700609737625,4,0.19304509158726693,1,0.24936760152258625,6,0.1937330203681468,10,0.1109105633188286,4,0.12561255499993754,6,0.09271539689947961,8,0.18528483424123576,9,0.16359168875846938,4,0.17787119704258172,6,0.2549243280582959,2,0.20230050432565158,5,0.11914167455557192,1,0.1372124734636713,6,0.214371953706968,1,0.2346973033396741,6,0.09227609060846301,6,0.12257105814944648,0,0.09181898138822699,0,0.25334185530111564,10,0.32220253677516036,0,0.10415559842626393,6,0.1059099699597867,7,0.1023394805004937,6,0.2797022991643481,8,0.1668570635720853,10,0.22100197588974504,8,0.10993155642150677,2,0.12016762445182105
80,Biofuel East Sustainable Futures,3,India,Air Pollution Reduction,Community Group,2013,2024-05-11,340183,678592,106849,666868,633393,398137,165628,431064,491994,415313,6,0.14899198927322954,3,0.17674137208412566,9,0.14893710795979914,9,0.16746487873762012,2,0.16381811422438497,9,0.19404653772084035,7,0.13181929617213484,10,0.2577769044609572,1,0.13466517586155366,2,0.2128466428199699,6,0.08592867998897796,1,0.17696330069640656,1,0.13995668937021405,2,0.10538716471435954,6,0.25084875892338054,7,0.26510499726952297,7,0.08487542709377094,5,0.15382696262875217,5,0.11338262762337878,5,0.18256217213296957,1,0.15446630798667407,2,0.20373967348064673,0,0.18160893825918598,7,0.16424028051714495,4,0.13985312773981554,1,0.12614693785593478,9,0.13677610977866608,4,0.16959514805752918,3,0.24666483278823628,3,0.18096384377981822
81,Sustainable Futures East Biofuel,5,Italy,Sustainable Agriculture,NGO,2003,2024-05-11,258259,727191,624625,107807,206648,432033,351104,170442,776737,859117,1,0.21936130380101426,4,0.1474808642950662,0,0.1098569971908179,1,0.1629517101156713,9,0.21401763187795156,10,0.1463314927194787,8,0.13853244572763398,4,0.21770635449739711,1,0.11166142651836437,5,0.21457545151698063,8,0.1957055280880172,8,0.12181879365160664,9,0.11276858269871846,1,0.26044332880324145,3,0.09374303651718763,4,0.2353143091227176,0,0.11811164829428462,4,0.17961909456385008,8,0.161412140230324,10,0.24158237992387774,10,0.13841262064761958,3,0.1261934163220863,1,0.18334159165480668,5,0.14905785122128565,6,0.14659252648711604,4,0.1700183261185555,5,0.11753695450493026,7,0.24427413606521872,3,0.14610464048683533,3,0.17547341633734403
82,Nature's Way Park Eco-Friendly,8,China,Air Pollution Reduction,Community Group,2014,2024-05-11,770787,316505,120180,704341,162897,908493,723524,683176,307884,134657,10,0.18725282841555352,7,0.1441577708701887,6,0.14368203501263296,6,0.12691860592824736,3,0.23438124695532286,10,0.1636075128180546,1,0.10337103383971231,8,0.17784854448472887,4,0.20414332017759,8,0.15145769924897606,8,0.22231320292035614,8,0.14086619932863684,4,0.2185077490835034,6,0.19922605509103158,8,0.2123107314223147,3,0.1285871125253843,5,0.07243267018608265,2,0.16893568169168324,0,0.10955513184932156,1,0.31103297575746675,3,0.09754659258146464,4,0.1868100646595532,6,0.11931682603488039,0,0.17573840911731328,5,0.1530546900129489,2,0.1116445010174992,0,0.23151979849065843,7,0.1592321471065276,1,0.19493490927335097,1,0.14961395409901504
83,Hydro Site A Pure Planet,2,France,Sustainable Agriculture,Community Group,2010,2024-05-11,393683,826783,117571,701240,798417,798539,380487,326495,916442,882405,6,0.1504907524670767,5,0.14518383780295988,7,0.10107860154871678,2,0.25771434197361,2,0.17277367492233628,9,0.17275879128530033,8,0.17599414844184255,4,0.3010296222857858,4,0.15405564280990217,8,0.1654543900469169,7,0.08633991843974544,8,0.11712627797580702,2,0.16161037385596833,10,0.12282674601260453,9,0.18019794609787912,1,0.15032078151889458,6,0.27229015169856713,3,0.11275400081608644,0,0.23680024277555364,3,0.10751998849459721,1,0.16857334625888423,1,0.17780396187073422,0,0.1829246789922439,8,0.12637778160798663,2,0.06346728878495894,5,0.22073063072086957,8,0.1986867929276058,10,0.14434730114635982,1,0.241742383731954,9,0.13102560268825184
84,Sustainable Futures Site B Biofuel,4,Netherlands,Waste-to-Energy,Community Group,2001,2024-05-11,415246,449669,642879,674896,785777,655951,631048,456354,568760,389905,8,0.13624030559275116,6,0.12015240276913333,2,0.14398769543694434,7,0.2239811656154836,10,0.14497770936355955,10,0.230660721222128,10,0.20392693741337617,8,0.1692470652663971,7,0.1260781735673363,4,0.17274649132560532,4,0.17604012112205247,4,0.15196121130523266,1,0.1935299696410235,1,0.14508353412554767,10,0.17600214796574046,9,0.19814056355297568,6,0.12108299868503831,8,0.1661607860296744,3,0.1031375272442371,3,0.1565033306369541,10,0.2508575409142189,8,0.18906661298179514,9,0.1322900915309919,2,0.16814489669180283,5,0.1906249182816971,10,0.22701361624600233,8,0.09216500994772117,6,0.1686811337366417,4,0.1572533960906834,0,0.16426192569725437
85,EcoEnergy Corp. Green Site C,8,Spain,Waste-to-Energy,Government Agency,2007,2024-05-11,616305,270667,898520,421382,740857,814936,945721,343940,548041,603767,5,0.2354996821475337,9,0.14222910589105972,0,0.17515962952158912,3,0.08254674321023298,8,0.20870019692327244,7,0.1558646423063122,6,0.16570541635093775,0,0.10137427447061965,5,0.21279638075203086,2,0.2757296620657096,10,0.13962330587080662,0,0.1047709604898955,3,0.2852419619458183,4,0.09793920518608593,10,0.17375453804318916,9,0.1363289076276804,5,0.12260759949960084,3,0.18412778769762525,4,0.191129992188962,5,0.18770211484257066,5,0.1976216017701664,8,0.1260566847591917,7,0.10244834879511752,1,0.19504125764399163,1,0.1334012329704145,7,0.27047221975782243,3,0.10237637206245265,8,0.23601885245248996,0,0.13654963146558552,1,0.1211816912912349
86,Solar Site C EarthFirst Energy,5,Poland,Waste-to-Energy,NGO,2000,2024-05-11,630652,512983,398874,679900,602651,944172,132504,422793,654508,304823,4,0.1613585685758315,4,0.17082340888251113,0,0.15942982171183429,6,0.22295717573060114,9,0.09016444742344112,1,0.19526657767578082,1,0.16293673708033982,9,0.22831147332916013,9,0.21037415114660107,7,0.13895807335767496,7,0.163384253054989,6,0.09603531203123507,7,0.14755771750427368,8,0.22978578577472417,9,0.1363728148375113,7,0.1751074096253607,7,0.13688797519820944,0,0.17428829705992055,10,0.20994909072989332,1,0.18289546812518345,5,0.20072193534647437,2,0.12751726803451693,4,0.11152972191494151,10,0.1673865158489904,1,0.16847995540070637,4,0.15472685144137802,2,0.26627174322638264,4,0.18039589984839105,2,0.073409648874599,1,0.1567159012085429
87,North Green ClimateCare Ltd.,7,Japan,Green Building Practices,Government Agency,2014,2024-05-11,261424,115597,924816,180462,635974,932095,295875,665981,602777,484730,2,0.23262460291299428,7,0.16128407779977108,10,0.20842610198908582,5,0.09036189527266214,1,0.13917133501500512,8,0.16813198701048165,4,0.14046561468518082,10,0.07205368315308101,5,0.16633117194898042,2,0.10868856538893673,2,0.21879214807177366,5,0.29366881675204753,2,0.2713893375067793,0,0.2056271216582245,7,0.21824814325266048,8,0.1458702493313547,9,0.0558401734000932,3,0.10302497485088788,6,0.17090716395221472,8,0.12070190185484722,3,0.14169118084143104,9,0.0879675316409899,1,0.1650694937253605,6,0.3136627279851566,6,0.13118294254804783,6,0.17724387803864142,10,0.20580183400477794,0,0.16409987574223697,3,0.18760166931541356,10,0.13406980035088223
88,Site A Eco-Friendly Pure Planet,4,India,Green Building Practices,NGO,2007,2024-05-11,935910,392015,657181,323428,793421,594595,936034,467760,113677,265422,9,0.2003808270418667,6,0.12378375617673906,1,0.10797242032475314,3,0.2504557744515145,1,0.1883988591373402,3,0.1290083628677864,1,0.1301722792494108,3,0.1696752139375936,1,0.20235487184929005,5,0.1539910561517188,5,0.15652284051080728,4,0.18728373830117956,3,0.17032907443462583,1,0.1436984715798204,9,0.10676225842350034,1,0.1378107629686682,10,0.2574766729568795,1,0.18392275963650578,6,0.18827477785999022,2,0.21149446779430636,3,0.15563681369056667,8,0.11244564051809584,5,0.14580169562633918,6,0.18634660451070165,10,0.2473537112959291,2,0.14769097257969288,0,0.2404114168198682,5,0.07118008917434691,6,0.12913199679252782,5,0.16423181333763506
89,Hydro Pure Planet North,7,USA,Sustainable Agriculture,Non-Profit Organization,2006,2024-05-11,647788,445757,738381,771569,593158,131395,638842,843762,507606,442135,2,0.1726252593028492,10,0.16100863282690464,1,0.11048175232709655,8,0.1944762858506237,0,0.22115255600149705,1,0.1402555136910289,10,0.1846826925268766,2,0.13832996862893643,0,0.12811253307344808,5,0.22409684205911834,7,0.15698730741997666,3,0.16779065629164386,9,0.18527103083159155,6,0.21912504652892845,2,0.18135123841274747,9,0.1450342225979584,0,0.14167670826237405,9,0.12754175336640006,2,0.17039827457916915,10,0.12604805544307526,6,0.1426892993818486,6,0.16827426408365603,0,0.2273250288901594,7,0.16526507762209164,3,0.11820338430193737,9,0.11097007319787641,6,0.1570271645671709,2,0.16470912312187316,8,0.24026543251418225,2,0.20882482229695998
90,Geothermal Sustainable Futures Reserve,6,China,Sustainable Agriculture,Community Group,2004,2024-05-11,376478,178694,396571,267069,387897,888158,924183,359536,680933,255159,6,0.14539099302913797,1,0.22412525351178084,10,0.1905638739481713,4,0.1955953271649157,0,0.12234259087986639,1,0.12198196146612776,3,0.2302867905266814,8,0.12834438733698794,4,0.11403753166551746,4,0.16189099157871142,3,0.2873135309161706,2,0.0781267679759312,1,0.1752767789034482,0,0.1853875456023895,6,0.24883399013844268,3,0.06176713617860357,6,0.1333302170444661,2,0.19540433213264993,9,0.1919490327059449,6,0.11617661921763021,0,0.10856200439149045,2,0.1956664915778806,5,0.10088492946355833,1,0.28676092264349545,9,0.1633111644280702,4,0.15607869006901723,0,0.15656401168844405,10,0.11222240711647623,0,0.22404804884843962,7,0.18777567784955265
91,Pure Planet Sustainable Reserve,3,USA,Water Conservation,NGO,2000,2024-05-11,462527,164118,577094,398214,857788,927339,228716,457959,160168,712823,10,0.1584671578144511,3,0.16516983787938966,10,0.16357519235214057,3,0.1306417646640455,2,0.213991031769889,6,0.168155015520084,1,0.21425136816006463,10,0.19776336834909625,4,0.19412848440998393,4,0.11062526708583893,7,0.13577586890455404,7,0.14745564309046236,1,0.12383220337317312,6,0.14635143303534506,8,0.151850412041208,6,0.17398555785826486,7,0.23760185099952028,8,0.1663785426924887,1,0.218883185277995,5,0.15182623261115813,5,0.11935961407136064,5,0.10280624003461761,7,0.19788282024468778,4,0.20924190776018087,0,0.18047978578439275,2,0.13133142978472032,3,0.17422598164949396,0,0.19469133758882443,8,0.1740867324631788,0,0.14518473272938984
92,Renewable Solutions Solar Park,9,Indonesia,Waste-to-Energy,NGO,2009,2024-05-11,425079,113310,529920,115487,207763,529063,837256,872050,206777,770788,5,0.18619575996157478,5,0.1501258501986527,4,0.13766043071963593,2,0.1916624474004854,1,0.21085616286301925,10,0.12349934885663198,5,0.17901927806619408,9,0.1452202348123732,3,0.16365787525428674,7,0.1735613681743662,5,0.17302282625063492,10,0.16551841744214466,9,0.10446112468699804,9,0.12949816898396216,7,0.16250037255731573,9,0.2626206556394447,6,0.17236519962202626,9,0.16855447851025318,10,0.2293322118825919,3,0.11526687437440902,0,0.24633947581178953,3,0.149534361747441,0,0.10195420900739918,5,0.1575728671763694,3,0.1460741056823442,6,0.20018062096666606,0,0.14228580211298925,7,0.18151053156065397,0,0.1926251296517245,6,0.13732381002562197
93,Biofuel Site B Nature's Way,5,France,Sustainable Agriculture,NGO,2012,2024-05-11,915987,706418,898188,162422,583324,866379,942838,714350,129899,762584,8,0.15857870395975987,8,0.14686327215659994,8,0.15803642636285709,3,0.24355516988468895,9,0.1711055860733322,2,0.12186084156276192,4,0.14298041938337713,6,0.09595028500464138,4,0.16035349188397835,5,0.13713507999375651,6,0.19256486766148226,10,0.2710158560727645,0,0.07567852193744871,8,0.1768394651336184,6,0.21790998455937075,7,0.1647074257214248,4,0.21425212989392672,9,0.1506124727542105,8,0.1541111295397653,1,0.18045486699962132,8,0.1935067139587109,2,0.11788889669010211,2,0.20125997442037105,3,0.1527784183914294,7,0.16855650637964978,6,0.11535303647228774,10,0.3156499761614438,2,0.122507543187334,0,0.14300481746545268,1,0.13492812033383184
94,Hydro East Pure Planet,8,USA,Air Pollution Reduction,Private Company,2010,2024-05-11,208953,467592,188753,286474,560786,835758,896282,898214,719796,227564,1,0.20279810770593232,1,0.12405540995869666,6,0.08850674832902815,0,0.2376496555372105,4,0.17111901289305176,3,0.17587106557608043,0,0.12270822077976037,3,0.20993807206340043,8,0.16012457662797008,10,0.14993265309473144,8,0.16199564160559776,4,0.19530083582853977,1,0.17392245855208052,10,0.1832071141462167,1,0.14554236493403266,5,0.20680828683667618,7,0.12033045909378108,6,0.1701893164372128,8,0.2328217101355072,9,0.13523599277519707,6,0.1081350791915034,7,0.20838126723147365,7,0.12877799312306107,6,0.1866479575432575,7,0.22682645628707643,7,0.16589769146933697,2,0.18527503828724873,1,0.16176539782915994,3,0.13411387696356747,9,0.1261215391636104
95,Hydro North ClimateCare Ltd.,9,Italy,Forestry Management,NGO,2005,2024-05-11,647964,731822,919967,604678,509654,915972,342680,219008,260496,857956,0,0.10833482876454763,10,0.21815046831065352,3,0.14144709250946602,7,0.1428230670444901,5,0.1940191812199266,5,0.1952253621509162,6,0.21079931067062505,3,0.20917880119843782,7,0.13065526771558325,7,0.11689012888917351,5,0.1308321474026078,10,0.2016443441235726,6,0.16626580339241226,0,0.22909907721342324,8,0.1581713365600661,2,0.08769397372527417,1,0.21345411188089095,4,0.1453156972279333,6,0.09095279894058668,1,0.1568374334469963,4,0.17429635513020003,1,0.18752658414472292,10,0.20260231713731733,7,0.18778451120017678,3,0.13917669405304442,7,0.1811989144965365,7,0.12608397078640704,5,0.2176779335678402,10,0.18314467514880325,6,0.15271781194736864
96,GreenTech Inc. Conservation West,7,Canada,Carbon Capture,NGO,2003,2024-05-11,503929,452389,509023,555599,336846,855971,799145,599851,467354,184726,4,0.24006643707677677,4,0.16090474355623854,1,0.12109304775239123,0,0.1883661047892575,4,0.13849244567111335,6,0.15107722115422273,7,0.22661958715282216,8,0.12924941025269318,2,0.147698012453005,6,0.17371542330572093,3,0.13029522662617518,1,0.19242234020958354,7,0.2403349861059625,8,0.16661092674798061,10,0.1458508775946557,0,0.19848213231376405,8,0.08857804704843174,3,0.1601430301892054,5,0.14369709294427813,10,0.21618368033681878,1,0.16657911471166836,3,0.1746703580374149,3,0.12641571241992045,2,0.17245404154989927,1,0.16515339020217037,2,0.2231688406948673,2,0.24544560119732023,3,0.10102342128214757,8,0.13771442552665736,7,0.12749432109683714
97,Solar East Renewable Solutions,5,South Korea,Energy Efficiency,Community Group,2010,2024-05-11,896938,238670,148042,209883,366446,258579,714994,640055,283334,140900,4,0.14158375681692045,1,0.18179980034625756,1,0.21334430159124673,2,0.11014283627180092,1,0.17516637642327246,9,0.17796292855050175,8,0.2064695195386505,0,0.15551814485847634,2,0.18008362252381216,1,0.13886308611553158,9,0.17626328105047445,5,0.1428023459130548,4,0.14748063057971497,3,0.13536082873155464,9,0.12476762249385949,7,0.19904532655276386,4,0.28911496880305093,9,0.10423062283905615,4,0.12070728815066244,1,0.22384570652410346,6,0.14056779283389764,10,0.16717208260570285,5,0.15717074038775042,1,0.19053638949788312,10,0.16524951900712403,5,0.20048409034326192,7,0.17689094354928314,9,0.1255185824052743,5,0.1481777083991458,0,0.18367915629591086
98,Site D Solar ClimateCare Ltd.,10,Canada,Sustainable Agriculture,Government Agency,2002,2024-05-11,603587,837850,417722,203899,548844,240049,188431,551857,345015,822109,4,0.12969240732611031,10,0.16086614306998298,1,0.18260848141737895,3,0.1556646505449263,7,0.16260771000933313,5,0.20856060763226827,0,0.14985573401137164,4,0.16267264641234952,6,0.13462605287239304,6,0.19842636012774595,6,0.08438517167770326,9,0.27003403489843647,5,0.1972603536382981,1,0.10889923610611585,10,0.17098424969239726,9,0.15736827323688438,3,0.19469544122655105,1,0.17079244609975336,9,0.13997315968258064,2,0.16844854892236047,7,0.06958012225741356,8,0.18431826741787932,10,0.22140832662961976,4,0.2162715750901462,5,0.19207974763443345,6,0.08320771657077397,9,0.2187585022890224,6,0.2253256817197434,3,0.12387239322626767,8,0.15675595855975913
99,North Solar EarthFirst Energy,7,Spain,Energy Efficiency,Community Group,2004,2024-05-11,716112,513345,410605,470365,198139,788654,377960,285147,754658,525247,9,0.07962326042724657,1,0.1352615010378774,2,0.19464482860154975,6,0.17912993611495148,3,0.2837866771339534,10,0.12755379668442146,10,0.11040249219565193,3,0.16152833771843964,5,0.2203356244377053,4,0.14680281740123236,5,0.2309445339099891,8,0.1299861943369818,5,0.1520180454382158,4,0.09018098958546916,2,0.20517072799462796,9,0.14256149406004226,6,0.2116670736548409,9,0.19840166926680403,3,0.12372354998528502,8,0.11667612484011106,7,0.11404062952312097,8,0.2718937661545366,0,0.2139951685754628,0,0.1596707609214836,9,0.1030001352342829,4,0.14551534769132776,0,0.15473959805358653,6,0.1619433138021365,2,0.28707795457737534,4,0.14772365064129098
100,ClimateCare Ltd. Biofuel Site B,1,Indonesia,Renewable Energy,NGO,2002,2024-05-11,542526,870658,485409,274404,793167,475807,139536,136192,676348,829115,2,0.2357296856352791,2,0.18247332283844098,3,0.09396067532832648,6,0.2051972729888687,8,0.16483274138792567,4,0.11780630182115916,6,0.3103126048224901,9,0.1841525962626512,9,0.17188857231488205,5,0.10862654085954451,8,0.09030084414642449,1,0.1347188415940077,1,0.22824646310195043,2,0.16665602374110858,6,0.2110916136470454,6,0.1157400772987959,5,0.17996801500400034,4,0.09829780720709934,9,0.24108733264246687,1,0.09868781892110559,10,0.1385381658003411,9,0.2692779075146879,9,0.0923002290104437,1,0.16010854611095504,8,0.15642820431557694,8,0.18332645435930697,10,0.11166285025717561,9,0.17916969186478487,6,0.09733428968087172,7,0.2720785095222838
