project_id	project_name	contract_duration	country	technology	counterparty	start_year	screening_date	offered_volume_year_1	offered_volume_year_2	offered_volume_year_3	offered_volume_year_4	offered_volume_year_5	offered_volume_year_6	offered_volume_year_7	offered_volume_year_8	offered_volume_year_9	offered_volume_year_10	risk_bucket_1_factor_1	risk_bucket_1_weight_1	risk_bucket_1_factor_2	risk_bucket_1_weight_2	risk_bucket_1_factor_3	risk_bucket_1_weight_3	risk_bucket_1_factor_4	risk_bucket_1_weight_4	risk_bucket_1_factor_5	risk_bucket_1_weight_5	risk_bucket_2_factor_1	risk_bucket_2_weight_1	risk_bucket_2_factor_2	risk_bucket_2_weight_2	risk_bucket_2_factor_3	risk_bucket_2_weight_3	risk_bucket_2_factor_4	risk_bucket_2_weight_4	risk_bucket_2_factor_5	risk_bucket_2_weight_5	risk_bucket_3_factor_1	risk_bucket_3_weight_1	risk_bucket_3_factor_2	risk_bucket_3_weight_2	risk_bucket_3_factor_3	risk_bucket_3_weight_3	risk_bucket_3_factor_4	risk_bucket_3_weight_4	risk_bucket_3_factor_5	risk_bucket_3_weight_5	risk_bucket_4_factor_1	risk_bucket_4_weight_1	risk_bucket_4_factor_2	risk_bucket_4_weight_2	risk_bucket_4_factor_3	risk_bucket_4_weight_3	risk_bucket_4_factor_4	risk_bucket_4_weight_4	risk_bucket_4_factor_5	risk_bucket_4_weight_5	risk_bucket_5_factor_1	risk_bucket_5_weight_1	risk_bucket_5_factor_2	risk_bucket_5_weight_2	risk_bucket_5_factor_3	risk_bucket_5_weight_3	risk_bucket_5_factor_4	risk_bucket_5_weight_4	risk_bucket_5_factor_5	risk_bucket_5_weight_5
1	EcoEnergy Corp. Recycling East	6	South Korea	Sustainable Agriculture	NGO	2012	2024-05-20	160973.0	673712.0	638589.0	279588.0	129219.0	106664.0					2	0.24182143272525408	8	0.12985381352678899	5	0.19896520867186931	2	0.22690120598447136	8	0.20245833909161634	10	0.0967529252665653	7	0.27131466280162986	9	0.15655915991320898	10	0.3281968485264908	9	0.147176403492105	5	0.12188409427303745	6	0.1807553963134688	4	0.23679143821820564	8	0.21890337467205417	5	0.24166569652323405	9	0.217708470557489	10	0.14924476804518255	3	0.18707964210615668	7	0.23483233731253608	9	0.2111347819786358	8	0.23085703978993732	10	0.17754695858855538	0	0.20487312802837632	0	0.17320176470013784	5	0.21352110889299328
2	East Hydro GreenTech Inc.	3	South Africa	Waste Management	Community Group	2007	2024-05-20	441365.0	949019.0	757264.0								8	0.1925955656701353	6	0.10996280756480342	7	0.2656506712079814	4	0.26699974106139	2	0.1647912144956899	7	0.23669248100195908	10	0.35979807599266683	3	0.16598792756440128	2	0.0785942614362336	0	0.1589272540047392	8	0.171109626184419	8	0.27323909734951235	4	0.2393355359101988	3	0.1317540133733209	4	0.18456172718254898	9	0.2204077323756312	1	0.27595473140520754	5	0.12725432914440502	10	0.16342777240658876	5	0.2129554346681675	3	0.2191602398949838	8	0.15991578177260138	4	0.1960433970959886	2	0.21942613740378747	9	0.20545444383263883
3	South Pure Planet Wind	7	Spain	Green Building Practices	Private Company	2001	2024-05-20	571952.0	131622.0	178339.0	940206.0	426865.0	452151.0	684381.0				8	0.18947704443906757	9	0.15250645867243906	8	0.246854965323936	0	0.24083842153512003	3	0.17032311002943717	5	0.25986156314681813	4	0.16231852466118243	10	0.27104379477498985	10	0.15628356577650265	8	0.15049255164050698	0	0.19714665211596605	1	0.16933805524840084	1	0.2601131675287091	3	0.21394648437624003	3	0.159455640730684	0	0.19475881432835385	8	0.22494474613957913	0	0.1919948780742677	2	0.16111424657897408	7	0.22718731487882532	6	0.19303367852661843	8	0.27212845642853056	4	0.09418572660867504	10	0.206031070256728	4	0.23462106817944792
4	Geothermal North ClimateCare Ltd.	4	India	Air Pollution Reduction	Private Company	2003	2024-05-20	595664.0	399578.0	295873.0	296874.0							4	0.15715343310216134	0	0.2423418987404635	2	0.18910746482984195	7	0.21149817551771258	8	0.19989902780982058	9	0.14538281688620766	8	0.28442621053250877	1	0.17223831827569347	1	0.20714177997379038	7	0.1908108743317996	8	0.2570274647833502	8	0.1667800903645897	5	0.11647170485678779	3	0.21782262525093637	9	0.24189811474433592	10	0.17819852343022946	0	0.2017412397962107	5	0.2477325208161579	2	0.13426355050415623	8	0.23806416545324555	10	0.13019210831720546	7	0.24404446897737234	6	0.28644970752965476	1	0.1506858029465741	10	0.1886279122291933
5	Clean Power Co. Hydro South	8	Germany	Water Conservation	Community Group	2000	2024-05-20	727543.0	875273.0	702127.0	902688.0	929715.0	603662.0	335646.0	909940.0			7	0.17629527655055394	9	0.16292270698324937	7	0.23845982896144416	10	0.21488816522719908	0	0.20743402227755353	6	0.18527339340714757	5	0.327821895695727	10	0.14996367737531532	3	0.16244803316768244	7	0.17449300035412774	8	0.20703402664751108	1	0.24511808662738133	2	0.18835700461862795	8	0.1697133676485705	9	0.18977751445790914	9	0.2812510769261712	2	0.14179416626745667	0	0.12814014926232756	7	0.27904855634343406	5	0.16976605120061045	10	0.22961114338740043	7	0.22481110337482849	8	0.21800634773447095	0	0.14635529425196284	9	0.18121611125133713
6	Eco-Friendly Site C BioEnergy Systems	2	Spain	Forestry Management	NGO	2009	2024-05-20	125325.0	895357.0									9	0.17033057722028785	9	0.3207037738264341	2	0.07049707402250224	8	0.17614184480258582	8	0.26232673012818997	2	0.2964514833448968	0	0.14516448360114603	6	0.15860406057357487	4	0.19103342766544013	5	0.20874654481494231	8	0.22933532338366786	7	0.13740382499475415	10	0.1287812829862423	3	0.2169914611542881	9	0.2874881074810475	10	0.16291281117443915	2	0.23882463064149026	7	0.1634382991976756	4	0.3047447642092085	6	0.1300794947771864	2	0.27629929760041977	5	0.2170481528705184	9	0.2111542990271856	7	0.18803668527822254	1	0.10746156522365378
7	Pure Planet South Solar	8	Poland	Sustainable Agriculture	Government Agency	2000	2024-05-20	147229.0	147479.0	159848.0	836261.0	459046.0	792647.0	631232.0	874860.0			0	0.18712174836112846	5	0.278176031956655	6	0.1619842020413208	4	0.14063674131666865	3	0.23208127632422695	0	0.2260059499973014	5	0.11814190159825994	3	0.1959995704350084	5	0.29663989624397674	3	0.16321268172545347	1	0.1787228430392486	8	0.23666677644673978	4	0.22471982866323978	1	0.14620370125982668	8	0.21368685059094525	2	0.20950545606093365	3	0.2728058732019728	7	0.19526847060870142	3	0.18032067364444979	4	0.1420995264839423	2	0.17898003688347294	8	0.1432507840800444	8	0.21975143762413077	3	0.21255941769865042	8	0.24545832371370147
8	Geothermal Nature's Way East	8	Japan	Air Pollution Reduction	Government Agency	2012	2024-05-20	329030.0	403661.0	676679.0	175777.0	724403.0	251403.0	647301.0	180830.0			5	0.1856270258804874	0	0.16387592135236417	1	0.1851645596700929	6	0.26315279674728626	0	0.20217969634976918	9	0.23905022783775745	8	0.1811020671910904	10	0.155557824825334	7	0.1258090561718558	1	0.2984808239739623	4	0.1589102338783499	6	0.3399896246552426	10	0.14874036261612691	1	0.12470983426311345	1	0.2276499445871671	4	0.20344934414744414	6	0.13824205117441588	9	0.2038319806539673	1	0.19116911448970061	8	0.2633075095344721	10	0.12633051772803205	6	0.1726492482392923	1	0.17683760410082877	3	0.23053793052729243	7	0.2936446994045545
9	Site B Solar EcoEnergy Corp.	5	Brazil	Forestry Management	Non-Profit Organization	2010	2024-05-20	192968.0	161312.0	947368.0	500544.0	487910.0						2	0.15375015856866434	10	0.28236272275939606	9	0.19381714664730795	10	0.160157815458148	3	0.2099121565664835	7	0.11755297818759507	3	0.2029786806048535	0	0.2378438371098003	0	0.20713298581244202	2	0.23449151828530904	10	0.21374038767738732	2	0.18005962358752667	10	0.1566769345771852	6	0.2889167899712333	9	0.16060626418666749	8	0.27464160104864693	5	0.14568174969438288	5	0.1801152071794756	10	0.24697051178725551	10	0.15259093029023885	2	0.1595597122016031	0	0.211081752206321	7	0.21878350581693953	7	0.18943785894440207	2	0.2211371708307342
10	GreenTech Inc. Site A Hydro	4	France	Forestry Management	Non-Profit Organization	2009	2024-05-20	822827.0	405992.0	254343.0	855548.0							6	0.20434924029315907	6	0.20424098985327416	7	0.25536853052567887	6	0.14675529048164931	10	0.1892859488462387	4	0.19650039812783873	6	0.284763779742457	8	0.20404186415980563	1	0.1470658800816247	6	0.16762807788827397	1	0.15072358786525233	8	0.17207250288710318	10	0.27590682814587164	2	0.138802990974816	2	0.26249409012695696	9	0.3481348115591991	2	0.18250599740487192	4	0.17458934296041323	10	0.13150685480953492	9	0.16326299326598082	1	0.21063658135225105	8	0.15328312084497162	7	0.2814705382073403	10	0.11037571426286699	8	0.24423404533256998
11	Renewable Solutions Solar North	6	Russia	Green Building Practices	Community Group	2010	2024-05-20	432774.0	323165.0	693196.0	586493.0	434637.0	643647.0					1	0.19143818550618125	9	0.19090860478414268	4	0.19734644221172465	1	0.21614371944388105	8	0.2041630480540704	3	0.2996672392987365	8	0.19072153398334918	3	0.170838822421807	0	0.1259585887821015	10	0.2128138155140058	10	0.0978853778414467	9	0.3302656418187801	9	0.11846662155803243	1	0.15138876329909334	9	0.3019935954826474	8	0.19789256891889354	4	0.22399893930775838	2	0.11157728863717083	4	0.26467169125511225	5	0.20185951188106507	10	0.29006599650303955	0	0.11714374325821185	0	0.2703465693625964	3	0.12395809909998788	3	0.1984855917761643
12	Site D EarthFirst Energy Recycling	5	France	Energy Efficiency	Non-Profit Organization	2003	2024-05-20	186564.0	246278.0	704197.0	788653.0	108404.0						2	0.17100958584375642	6	0.12375149808872886	10	0.16022669867252654	6	0.2774481588942403	0	0.2675640585007479	2	0.11021902562797453	7	0.19214240887346307	5	0.3203003771477988	5	0.17593033759352625	5	0.20140785075723736	6	0.06371146974126225	4	0.1592857179686204	10	0.17224424288235998	1	0.43606264366710096	6	0.1686959257406564	8	0.13515805173090956	7	0.2688778943579577	9	0.16235544730844248	1	0.16047267458070408	7	0.2731359320219862	8	0.15894430828109313	10	0.2008764638923542	6	0.20724086585077828	4	0.19953286810889512	6	0.23340549386687928
13	West GreenTech Inc. Geothermal	4	India	Waste-to-Energy	Community Group	2000	2024-05-20	346440.0	856256.0	463052.0	401177.0							9	0.21775281523914064	1	0.25704986915046424	10	0.19798184805574845	3	0.20029352842207057	2	0.126921939132576	2	0.1906071464531879	6	0.18647660941258765	2	0.22389365317938276	0	0.21835646210366208	6	0.18066612885117964	0	0.19958767903939217	4	0.28202615817870896	2	0.1656673061042991	2	0.15563839796586898	3	0.19708045871173072	6	0.11541374343124951	7	0.27567112383713654	1	0.29121719838748783	5	0.19503336101115543	0	0.12266457333297077	10	0.2332562839435805	7	0.22632540098824144	1	0.17199856768462699	7	0.21505297508967627	1	0.15336677229387474
14	EcoEnergy Corp. Park Biofuel	8	India	Renewable Energy	Community Group	2002	2024-05-20	760590.0	720661.0	607143.0	250926.0	740756.0	484646.0	899689.0	899508.0			2	0.22187802489608652	1	0.0806583870084048	8	0.1860101909931433	6	0.21316386213430377	2	0.2982895349680617	10	0.19883766010536946	10	0.1707337380621736	2	0.2971315304976066	0	0.17527393817282616	6	0.15802313316202413	6	0.20740876448842566	3	0.19304378421556356	4	0.19976260238727972	10	0.268577276463261	10	0.13120757244546996	6	0.22605490622033927	7	0.13990920427551087	2	0.11871648765607865	10	0.2066926581241095	2	0.30862674372396176	5	0.18015412311139647	2	0.18488896335741767	8	0.2121629483841819	7	0.2313562373265053	6	0.19143772782049853
15	Solar Pure Planet Site B	8	Germany	Waste Management	Private Company	2010	2024-05-20	466909.0	275592.0	601154.0	577999.0	785265.0	906989.0	769448.0	807242.0			1	0.28514634157169844	10	0.12784555469644088	10	0.26933313047236357	8	0.11059017669118824	7	0.20708479656830905	3	0.18289574395297037	10	0.13829867154813172	10	0.23718910879049993	3	0.26873150262134415	6	0.17288497308705394	3	0.17427425432110094	6	0.11633599964261572	10	0.25719195289955477	5	0.1839666496228702	3	0.2682311435138584	8	0.26333601824214514	5	0.16863020561472922	8	0.3122305486889392	1	0.11146468541117216	5	0.14433854204301436	8	0.26917021016733045	9	0.177445058895028	7	0.21888007978920784	6	0.17586559011047684	1	0.158639061037957
16	Sustainable Futures Biofuel Reserve	10	Spain	Sustainable Agriculture	Community Group	2011	2024-05-20	168641.0	875101.0	435211.0	754593.0	946615.0	572251.0	789557.0	897591.0	824176.0	373430.0	4	0.17433568298154573	9	0.20948558310297682	5	0.23795005824130944	9	0.13782794176093824	3	0.2404007339132298	6	0.16843069109352476	9	0.16828157423370974	4	0.25147646275502816	8	0.2009521491194497	5	0.2108591227982877	6	0.24179080584620793	2	0.1638970759521407	7	0.22231217427173675	0	0.15513520890138943	0	0.21686473502852527	2	0.23354646977781074	0	0.20076475349888712	4	0.15134696694577363	6	0.28430924136502794	2	0.1300325684125007	3	0.19573523201694165	10	0.1976818419973116	2	0.14903164502038704	5	0.2800869833357757	4	0.17746429762958402
17	Nature's Way Site B Wind	1	Australia	Green Building Practices	Government Agency	2003	2024-05-20	141800.0										7	0.17845135539287466	0	0.15056491393449875	9	0.26231177691228263	6	0.16718397378812583	0	0.241487979972218	5	0.16342528755631802	4	0.12208364290642774	6	0.22720383328066024	1	0.2290167512714313	3	0.2582704849851628	6	0.23456753765846233	2	0.25338813702417307	0	0.19007593040202586	2	0.0643590439946331	10	0.2576093509207055	10	0.17446469970333164	1	0.09328879482058358	8	0.30336846599174555	5	0.22229511659665527	0	0.20658292288768373	5	0.20175223886666296	3	0.13865525516001517	5	0.23239093930252505	4	0.2698490377575374	2	0.15735252891325946
18	ClimateCare Ltd. Biofuel Reserve	1	Russia	Waste-to-Energy	Government Agency	2009	2024-05-20	822496.0										3	0.20057092443793476	8	0.24808725736086074	10	0.14612242500001602	10	0.231564231171409	5	0.17365516202977951	6	0.2671510541367541	2	0.1044774297396241	10	0.1850464343953074	9	0.15201073629813144	5	0.2913143454301829	3	0.279841326067782	0	0.1428352425268779	1	0.19386535675742433	8	0.2156197703042957	8	0.16783830434362	7	0.13435001905707963	3	0.23783383463079122	9	0.19421455859086603	0	0.1966723059562453	7	0.23692928176501785	5	0.26875750521116143	9	0.23800275991525338	10	0.11082520679668627	7	0.15957945945551946	0	0.2228350686213794
19	Renewable Solutions Park Hydro	2	South Korea	Air Pollution Reduction	Private Company	2008	2024-05-20	771823.0	484659.0									7	0.2251351947942969	6	0.150734990200707	7	0.23869963258149376	4	0.22026550602529468	4	0.16516467639820756	3	0.2844791983961088	5	0.1766463865883399	9	0.21874478426514626	7	0.14842710942830498	10	0.1717025213221	0	0.14032061803111948	4	0.31720294871174914	10	0.1886515412663183	4	0.21371785313633962	1	0.14010703885447356	7	0.2677699202957571	6	0.2071750160232135	3	0.13345462632332825	2	0.20774829705149644	10	0.1838521403062048	7	0.19998683702772665	6	0.25937670936412305	6	0.14613855089750627	1	0.20769435878348358	3	0.18680354392716056
20	Site C Nature's Way Conservation	5	Netherlands	Waste-to-Energy	NGO	2004	2024-05-20	534542.0	668795.0	567541.0	571205.0	339920.0						9	0.29243977998590714	3	0.19891045363322077	7	0.1626044095412757	5	0.2055320977018239	1	0.1405132591377726	7	0.3466011744932814	0	0.09224375490289248	1	0.22559717420072248	4	0.22904002356243916	3	0.1065178728406645	8	0.18300152949465018	6	0.22520133100654155	7	0.23488543698433556	8	0.17373034367079193	3	0.18318135884368061	0	0.16723134779504453	9	0.2290998893768635	10	0.21544126618469112	2	0.2683802264033123	2	0.11984727024008832	10	0.12144097154248353	1	0.21054835853611747	1	0.26317086113031407	8	0.14996696458191625	4	0.2548728442091687
21	Hydro EarthFirst Energy Site C	8	Netherlands	Carbon Capture	Private Company	2001	2024-05-20	395234.0	126797.0	611342.0	135804.0	804229.0	895704.0	287140.0	442420.0			0	0.29030727800210715	8	0.13246932569846787	8	0.3395037576833783	4	0.11348061894815654	3	0.1242390196678901	0	0.2165021625884705	6	0.09781213348303917	8	0.2980347901944429	3	0.24593356432081825	3	0.1417173494132293	10	0.16496000760967863	6	0.2449506225094823	8	0.25680399045194435	10	0.14875401518859185	6	0.18453136424030284	8	0.21361339039144195	6	0.19563960669023392	7	0.14867495193457153	8	0.2887731543316554	8	0.15329889665209712	3	0.14457763955119723	4	0.1403862195715819	10	0.2058281703889329	2	0.2938878067757911	3	0.21532016371249688
22	Reserve Nature's Way Recycling	7	Brazil	Sustainable Agriculture	Government Agency	2013	2024-05-20	802517.0	533176.0	300617.0	822784.0	314982.0	762836.0	103094.0				0	0.21600109953361407	4	0.1854780517862735	10	0.27396135366005947	9	0.1332401991676615	3	0.19131929585239144	6	0.2562176690722319	8	0.17393283639238094	5	0.2627911698621228	4	0.13699149110520084	7	0.17006683356806362	4	0.15367424909704225	2	0.21713923994541903	10	0.19503138978267603	3	0.26375652934390326	8	0.1703985918309594	9	0.19896384802082714	1	0.19274845440948823	1	0.26229372672674045	1	0.15542840031624794	9	0.19056557052669632	9	0.27860219464935193	0	0.17434556498065387	10	0.15011800888707602	6	0.17788001667062958	0	0.21905421481228862
23	Renewable Solutions Park Hydro	9	Mexico	Waste Management	NGO	2009	2024-05-20	259190.0	270310.0	436184.0	500797.0	488252.0	157995.0	394437.0	441901.0	388148.0		9	0.1688630468402039	10	0.14703888421128017	1	0.15008335066860504	2	0.2721836800734281	1	0.2618310382064829	7	0.2513267637923233	0	0.18178012927691745	10	0.26929845057495466	10	0.08743972425384282	5	0.2101549321019618	9	0.2234491018806157	9	0.22072526322151034	2	0.13864363988910572	9	0.21626196612869802	10	0.2009200288800702	8	0.17351140815114632	5	0.17377226349117542	3	0.2438617814330626	6	0.1384380484848458	2	0.2704164984397697	2	0.19984429605383464	3	0.19379862670038264	1	0.2130435362083788	7	0.12181855218484122	4	0.2714949888525628
24	Conservation Site B GreenTech Inc.	3	France	Water Conservation	Non-Profit Organization	2013	2024-05-20	772990.0	544766.0	857260.0								7	0.2127944273236546	9	0.2289053378302433	10	0.19993906492587624	3	0.1246118016865765	4	0.23374936823364942	3	0.27893273427589055	9	0.1825110126925799	9	0.23265827794957916	7	0.1893963065688964	4	0.116501668513054	2	0.21454182205061395	10	0.21595693481209177	0	0.15110204452668918	1	0.25480996978978104	10	0.1635892288208241	4	0.17460295167435402	3	0.18921830136216405	0	0.2515146405569021	5	0.19280428127742402	2	0.19185982512915586	6	0.1753036062818666	10	0.16858420306602603	0	0.35193150964309683	1	0.06461852211235485	9	0.23956215889665566
25	Solar Sustainable Futures Site B	10	Brazil	Water Conservation	Community Group	2002	2024-05-20	729560.0	230130.0	642634.0	120212.0	264382.0	872996.0	709490.0	600668.0	507882.0	511227.0	4	0.23890409365883172	9	0.25545173071595784	7	0.1804330753743606	5	0.15343307836716796	0	0.17177802188368202	3	0.18581112978442657	2	0.16577730396305218	6	0.2198048272482529	9	0.26114390591662023	0	0.16746283308764803	1	0.22933066240203293	5	0.17138375520492788	2	0.21984448226579792	1	0.17798942906779308	7	0.2014516710594483	3	0.1715937872694915	2	0.17137378632118802	0	0.2291753361674125	10	0.15248248093643668	8	0.27537460930547136	5	0.18153876633463847	6	0.23634623734002577	2	0.2390167595249923	5	0.08861807277586221	8	0.2544801640244812
26	North EarthFirst Energy Solar	7	Russia	Water Conservation	Community Group	2001	2024-05-20	671099.0	764776.0	698295.0	575675.0	559453.0	445580.0	353742.0				6	0.23794640774465428	1	0.15639702330824334	7	0.2517340480332679	7	0.1430376135418443	2	0.21088490737199025	9	0.14275121875325744	1	0.18497100196861735	2	0.16002437185589827	8	0.2751160906544492	4	0.23713731676777766	3	0.1820771256719408	2	0.18189921237214393	9	0.15932360348653532	6	0.20716113601537714	1	0.2695389224540029	10	0.21685317361167858	8	0.18729632947842745	3	0.17274816817449418	3	0.21283222848924174	4	0.210270100246158	5	0.19469204757510558	9	0.14767986527941276	10	0.15086877958091527	2	0.25590724471309156	3	0.25085206285147477
27	Wind Site C EcoEnergy Corp.	10	Italy	Forestry Management	Community Group	2005	2024-05-20	483781.0	932215.0	759463.0	127796.0	483455.0	688111.0	295300.0	119784.0	448516.0	423463.0	8	0.2060822734392975	1	0.2723037911621618	10	0.19251788272498124	5	0.20076603546245902	3	0.1283300172111005	8	0.13455361551071263	0	0.21323053280717683	7	0.25614257078228186	4	0.23422408188469807	9	0.16184919901513062	0	0.13182561326657086	8	0.37957270690273837	6	0.2668200368596635	2	0.1313498184298561	9	0.09043182454117113	9	0.15964434240931188	0	0.27901561082092835	7	0.09996359585382972	2	0.29244031241360247	3	0.16893613850232753	1	0.1475542056639043	8	0.3172556639466838	2	0.16999784619278038	8	0.17104341904068965	10	0.19414886515594185
28	Sustainable Futures Site A Eco-Friendly	8	France	Water Conservation	Private Company	2012	2024-05-20	392275.0	914266.0	858197.0	345343.0	632414.0	414124.0	718696.0	303830.0			2	0.1810500919449987	7	0.20049279425353442	2	0.18712514053933357	2	0.1321096696464838	6	0.29922230361564944	3	0.20534013884505048	10	0.14399875226897765	3	0.17424752975129518	2	0.23910373447162106	10	0.23730984466305552	5	0.27122702931895226	4	0.11147606136455196	2	0.2094629841529575	2	0.25289787218108356	7	0.15493605298245477	0	0.10648619473233811	8	0.17022013465644356	9	0.18697532209216253	8	0.1097350866912065	9	0.42658326182784945	8	0.24667241464614106	10	0.10606228816137891	1	0.20517019050924074	4	0.2335225367139864	0	0.20857256996925283
29	Solar Pure Planet Site C	2	Russia	Forestry Management	Community Group	2009	2024-05-20	606260.0	618872.0									0	0.21249005878665866	4	0.17087368763066832	4	0.1390004660662085	5	0.29279559765892427	8	0.1848401898575404	4	0.2111008155168912	3	0.19892091598542017	2	0.13718461279867558	2	0.23561549124979606	10	0.21717816444921711	4	0.1426432658371525	5	0.23685767735599156	9	0.2780102299597523	1	0.19133425267105705	7	0.15115457417604658	3	0.23729425909947724	8	0.3097088236677824	2	0.17672978991306895	9	0.15843477397047856	1	0.11783235334919273	0	0.31271190052871234	5	0.18643268305486507	9	0.18331203585424813	1	0.09149808742529358	0	0.22604529313688088
30	Pure Planet Green West	7	Turkey	Green Building Practices	Private Company	2001	2024-05-20	287331.0	547646.0	213321.0	395786.0	263833.0	411844.0	268156.0				2	0.27169632306646546	0	0.27258522851144434	1	0.12304424340694145	2	0.1861523485851748	7	0.146521856429974	3	0.26659062518196186	2	0.1453232519501974	0	0.11320865226912066	10	0.27756025378699245	2	0.19731721681172762	9	0.22089468583620633	5	0.15136291712798697	9	0.16894547030356077	6	0.19725874836019835	4	0.26153817837204735	3	0.20713637415305144	8	0.23345408040666019	3	0.19719715477491923	9	0.21900029057359804	1	0.14321210009177118	1	0.2511703366672818	9	0.2294129945577985	7	0.23063452314143562	8	0.15732263313341138	4	0.13145951250007268
31	West Wind BioEnergy Systems	2	Australia	Green Building Practices	Community Group	2004	2024-05-20	845547.0	110338.0									4	0.20520663042090603	5	0.1603785485436183	6	0.25448885156759987	10	0.1449946320776722	0	0.2349313373902035	3	0.17099638343843848	10	0.1655597475270584	4	0.18260469810384544	8	0.15016173949974923	3	0.33067743143090855	1	0.2612920820571301	3	0.1434253764677998	1	0.21634602598931055	10	0.20985463574404603	6	0.1690818797417136	9	0.1796699810590575	2	0.3130192361975741	4	0.16501063982427128	9	0.14288372914612743	0	0.19941641377296968	10	0.30521083853232756	10	0.15564587262005006	9	0.14114419185179417	10	0.19104818939914156	3	0.2069509075966866
32	North Sustainable ClimateCare Ltd.	2	China	Waste Management	Community Group	2012	2024-05-20	324387.0	447266.0									3	0.2353385791993594	8	0.16871451976635476	8	0.16805609391836543	8	0.17874964859669376	0	0.2491411585192265	5	0.24626313910733252	5	0.12327098824972643	3	0.2003406644174055	6	0.21891713563181736	3	0.21120807259371815	3	0.28650866495662003	3	0.09547168964919854	7	0.14673795652575394	7	0.32383056240691505	8	0.14745112646151243	5	0.27800568818229227	8	0.22594581229963506	2	0.11180262163111827	8	0.25216444817448463	6	0.13208142971246983	8	0.11137209542525058	2	0.24518906261261647	0	0.2552302298785432	3	0.15817146402115356	2	0.23003714806243616
33	Sustainable Futures Wind Site C	8	Germany	Carbon Capture	Community Group	2004	2024-05-20	130071.0	138946.0	628235.0	109931.0	429328.0	356765.0	177579.0	808356.0			4	0.1410774789325389	0	0.22169917307407988	4	0.24915769916502728	6	0.18548742300324678	5	0.20257822582510715	9	0.28947861935383057	4	0.22428237219336847	2	0.17932582467598207	8	0.1336631989384533	4	0.17324998483836548	4	0.30992823950948184	0	0.1639958053501234	2	0.1935763221957939	2	0.14150416527039533	9	0.19099546767420542	6	0.2200374953819491	0	0.15216195077626987	10	0.171445372131704	5	0.1238890277867229	2	0.33246615392335416	10	0.19141436615983148	5	0.10501179661733243	0	0.3377131613345821	5	0.19713048906832406	3	0.16873018681992985
34	GreenTech Inc. Biofuel Site B	5	Mexico	Water Conservation	Non-Profit Organization	2000	2024-05-20	574886.0	438649.0	499039.0	723177.0	256411.0						5	0.16546512994918425	4	0.20796545678386544	2	0.23267490207571642	1	0.1939332185768849	0	0.19996129261434903	6	0.32984593218203795	10	0.16617567132601185	3	0.17016533237946166	6	0.18204571408065168	4	0.1517673500318367	9	0.1616866911221505	4	0.18663159418695666	8	0.20872237189126885	3	0.19677809516336733	9	0.24618124763625668	0	0.23928541985090765	4	0.21460583014729606	6	0.20566228295884825	10	0.19430640224671425	0	0.1461400647962339	0	0.17377940247256923	1	0.17587968354689887	7	0.2218963659086539	7	0.1883468441737047	7	0.24009770389817323
35	Hydro West Sustainable Futures	4	Turkey	Air Pollution Reduction	Community Group	2010	2024-05-20	405559.0	700671.0	746849.0	132618.0							4	0.22389926490178477	9	0.13455393369603122	4	0.203913492437924	5	0.11340493237024318	5	0.3242283765940168	7	0.19036892173467207	6	0.26605098016372714	7	0.14718284792077543	9	0.24895868535489693	1	0.14743856482592843	0	0.205976346993283	10	0.17349601831880343	6	0.1366860956636495	8	0.32743105053869914	3	0.1564104884855651	0	0.237907810097222	3	0.2617479186491052	10	0.1699815054533615	7	0.1768068335532373	5	0.153555932247074	2	0.2548807683196234	5	0.2200253164454057	9	0.1941515466284663	3	0.0960706828461797	7	0.2348716857603248
36	Solar Sustainable Futures Reserve	4	Russia	Water Conservation	Community Group	2014	2024-05-20	318590.0	252432.0	578734.0	811491.0							1	0.2573455476722607	1	0.13715777048666455	10	0.2594896438729552	5	0.11671098358834187	0	0.22929605437977754	0	0.20693763219815448	6	0.15274897438292323	3	0.18393677218472407	6	0.1804167820868565	4	0.2759598391473418	10	0.1464890760092706	4	0.1644547249654033	3	0.17667350644114788	10	0.37000867958966993	6	0.1423740129945083	1	0.18872403168465368	10	0.1499544193629085	7	0.1596038883472249	5	0.16827726934095624	10	0.33344039126425656	10	0.1660176132450257	7	0.13999167247204014	1	0.2778845390650488	2	0.19655324746016287	2	0.2195529277577225
37	Biofuel Pure Planet Reserve	2	Japan	Waste Management	Non-Profit Organization	2003	2024-05-20	128132.0	629001.0									10	0.20333629234865686	10	0.24352932417835144	8	0.27136619083616476	4	0.0881060329611808	0	0.19366215967564615	5	0.2645292876285726	8	0.14103212058145315	10	0.161135271271852	10	0.18628356868099277	0	0.24701975183712943	1	0.19033585296589658	3	0.16080510625741773	7	0.1760683530604048	8	0.2291846104201561	8	0.24360607729612477	8	0.27151075832352317	4	0.21639985497511013	9	0.1348114593306047	2	0.15230702385325812	8	0.2249709035175039	4	0.17433495224773984	5	0.13672923988907434	2	0.2477775978822465	10	0.17505829220615227	6	0.2660999177747871
38	Conservation East GreenTech Inc.	2	Canada	Forestry Management	Government Agency	2009	2024-05-20	650743.0	434762.0									8	0.21761979958572375	9	0.1619325588031458	3	0.20300190184926117	0	0.19191077260672837	10	0.22553496715514096	1	0.19121652661961344	7	0.16576664215605993	3	0.21423063572350184	7	0.26267601582050654	3	0.16611017968031813	6	0.22625458858847594	3	0.21073466786231784	3	0.14149154160128757	0	0.2270137462240416	2	0.19450545572387684	0	0.27966522535040833	7	0.2281197508769137	0	0.21014773122486788	7	0.10893421951971745	9	0.1731330730280927	2	0.20879744740712206	2	0.2182458340695596	3	0.10682184653665949	2	0.20807376278351444	5	0.25806110920314446
39	Renewable Solutions Biofuel Park	1	Sweden	Air Pollution Reduction	Private Company	2006	2024-05-20	548151.0										5	0.14409401272656586	10	0.243690758348335	5	0.22922246363840804	8	0.22058754849481002	1	0.162405216791881	6	0.2001033784671997	8	0.19321697166791119	0	0.17098468976923217	0	0.12968024188161875	9	0.30601471821403814	2	0.12512730458167368	7	0.27220940202355426	8	0.3015659255408706	5	0.16630415919692154	1	0.13479320865697988	4	0.2124047380400575	1	0.1848658574823384	10	0.1845340320064881	3	0.24924857109535112	10	0.16894680137576482	2	0.1594942592559007	10	0.2604328187956017	4	0.23080636018583084	2	0.13084554856175498	2	0.21842101320091176
40	Geothermal GreenTech Inc. North	7	Poland	Carbon Capture	NGO	2010	2024-05-20	435433.0	537969.0	822053.0	500953.0	852389.0	192616.0	383611.0				6	0.15687973259605056	10	0.14618755331412042	2	0.1508930627442321	2	0.24272456188348762	3	0.3033150894621095	4	0.22266408351938413	6	0.249712218020037	9	0.08701826858540913	8	0.29959743659601534	4	0.14100799327915453	3	0.22307693068239723	6	0.1031957113099566	10	0.10779164050118822	10	0.2738534302450895	0	0.29208228726136837	1	0.23657178025777384	1	0.2678340652892983	8	0.24214412572856542	0	0.10824151083215668	2	0.1452085178922057	7	0.21081825437595186	7	0.14451733333218814	9	0.19260214579955692	5	0.18446528928572856	5	0.26759697720657455
41	Green Site D Nature's Way	3	USA	Renewable Energy	Non-Profit Organization	2008	2024-05-20	716256.0	715264.0	450066.0								8	0.21434708539877576	0	0.27552311608421587	4	0.15844427788296533	5	0.1979280106266582	0	0.15375751000738488	9	0.24963408491265246	4	0.19469226300713008	3	0.177280061330112	3	0.25116188577017834	8	0.12723170497992722	0	0.3230269556060149	4	0.17229625137556043	2	0.16270148359466582	4	0.14922878066163453	1	0.1927465287621244	6	0.15122811042955844	3	0.16608352727041492	6	0.33334375402216176	0	0.236295478368616	9	0.1130491299092488	4	0.19221577328074074	10	0.16748581356193934	1	0.2533940107778772	1	0.23444655782114296	7	0.1524578445582998
42	ClimateCare Ltd. Site D Eco-Friendly	7	China	Carbon Capture	Private Company	2009	2024-05-20	174222.0	610941.0	405530.0	777298.0	666691.0	478337.0	686911.0				5	0.18951904795849855	10	0.23956906156129373	5	0.16765475789438264	1	0.22809469893705048	10	0.17516243364877482	8	0.1767308269256169	2	0.17274820003708533	7	0.25918192156661896	1	0.24070435589756986	10	0.15063469557310896	0	0.20986226641899106	10	0.20178238904065113	2	0.2505991468163704	0	0.18354465835896874	1	0.1542115393650188	1	0.15687986729753056	0	0.2648830490676909	9	0.2775443972376915	9	0.14362161554229808	1	0.15707107085478902	6	0.11393386920318596	6	0.26614628844494076	9	0.17261819974422823	6	0.24867510741359342	0	0.19862653519405166
43	Park Hydro Nature's Way	9	Canada	Air Pollution Reduction	Private Company	2013	2024-05-20	577624.0	621804.0	470837.0	852909.0	263324.0	191186.0	504009.0	149719.0	424574.0		4	0.17523762063191003	7	0.22221604224726846	3	0.28407406535768864	5	0.15635393967055375	4	0.16211833209257914	4	0.13818125617824134	0	0.24052475063838807	4	0.24709981203940995	6	0.16853036395096732	3	0.20566381719299348	6	0.1787187544892666	5	0.2915749576747978	9	0.1977507024944302	1	0.10736514449118069	0	0.22459044085032476	1	0.1633686949853355	9	0.13885747440835025	4	0.20312542623717367	9	0.16166489532235676	0	0.33298350904678387	5	0.183182525071825	10	0.1342162540870743	0	0.18525830131563245	1	0.21434175272721653	5	0.2830011667982517
44	Clean Power Co. Site D Solar	1	Brazil	Waste-to-Energy	Non-Profit Organization	2009	2024-05-20	759838.0										7	0.13669631717068015	4	0.19906854516739236	8	0.18184020723809782	4	0.28041069026886606	9	0.20198424015496352	10	0.11970748600569178	6	0.3317962867611514	5	0.2667953709678544	0	0.14346291240628586	5	0.1382379438590165	1	0.1811425444697401	10	0.27633803248749783	6	0.2207868980659709	3	0.17461061947252118	7	0.1471219055042701	5	0.20700025665820324	4	0.12097381380677348	3	0.26592606053235623	4	0.14814100458530707	7	0.2579588644173599	5	0.14924581856749403	7	0.18047257528024443	6	0.2786067764611079	8	0.24885850024453718	5	0.1428163294466165
45	Geothermal Sustainable Futures Park	7	Italy	Carbon Capture	NGO	2008	2024-05-20	317184.0	840537.0	508229.0	821296.0	150472.0	808503.0	257113.0				2	0.15695916077712077	6	0.22096739942840046	5	0.20284288815757617	9	0.19596915801311482	5	0.22326139362378772	5	0.13910682429906668	7	0.22429948394849522	2	0.19728571722181712	2	0.2504330682701005	0	0.18887490626052056	6	0.13185376029831897	4	0.22914262479772765	3	0.2524030306209684	9	0.1800043913374998	3	0.2065961929454853	2	0.19889975690423845	5	0.12591884934797729	4	0.2510260908161284	1	0.2529827578186217	0	0.17117254511303415	2	0.1983744362668625	4	0.2470648036353178	3	0.14803975306309236	2	0.2094630288755789	10	0.19705797815914833
46	Sustainable Futures Green Park	9	Germany	Waste-to-Energy	Government Agency	2006	2024-05-20	748949.0	509772.0	532989.0	124061.0	424228.0	631231.0	306250.0	510389.0	812228.0		2	0.17629816291058423	8	0.22373209204584416	4	0.20449786942338274	10	0.20591745885630822	0	0.18955441676388077	1	0.26702422924530633	10	0.3133506288723663	9	0.09069919369241967	10	0.1417289270936677	9	0.18719702109623998	8	0.22412971744524657	1	0.20843725926586176	10	0.14397166993236354	0	0.19784529267819573	3	0.22561606067833237	2	0.35662976468350643	0	0.1413766748683704	0	0.1489113090303683	3	0.13555386981482906	2	0.21752838160292587	0	0.2197616552304377	2	0.2229456459492162	9	0.1703072802898777	10	0.19335269916554726	7	0.19363271936492127
47	Park EcoEnergy Corp. Hydro	7	Mexico	Water Conservation	Government Agency	2008	2024-05-20	431459.0	788177.0	719067.0	447948.0	939747.0	598664.0	948391.0				7	0.16865521983704257	3	0.18291417213001088	0	0.31745062785141737	9	0.1558945112987469	5	0.17508546888278223	4	0.19181756246859416	4	0.2816600418647187	7	0.1865972906398995	4	0.13478443086559552	3	0.2051406741611921	1	0.11478828775335588	3	0.2501999498877949	3	0.2178369896202576	4	0.2968297245065683	2	0.12034504823202341	6	0.19201221063494042	7	0.2895736374106109	2	0.18986710944730892	6	0.20008718704522202	8	0.12845985546191777	6	0.14562678065971066	9	0.30901553151110317	8	0.26010958123519357	1	0.13126997835206064	1	0.15397812824193177
48	Eco-Friendly East EarthFirst Energy	2	Spain	Water Conservation	Government Agency	2001	2024-05-20	932281.0	931552.0									1	0.19037374432866172	9	0.20723080114036901	9	0.24818334522477908	9	0.16637402923801622	7	0.1878380800681739	6	0.27037889289486033	0	0.27324960004886717	6	0.2699624220455592	3	0.09834539032607736	10	0.08806369468463592	9	0.1961575328828888	9	0.2558209124783959	2	0.15115116394692682	5	0.12655098588213357	6	0.270319404809655	9	0.2745370614400708	2	0.1758816074456257	3	0.14411623898341477	1	0.25573085863339534	7	0.14973423349749337	10	0.22070828328098627	8	0.17392659082236125	0	0.20871993513656772	10	0.17365286441169245	9	0.22299232634839244
49	Site A Solar ClimateCare Ltd.	10	Spain	Water Conservation	Government Agency	2006	2024-05-20	139199.0	272901.0	666311.0	468831.0	567244.0	138650.0	276089.0	613491.0	590828.0	498304.0	5	0.2028848058328377	1	0.16321491140791086	1	0.18241562049943214	3	0.19380527774633208	5	0.2576793845134872	3	0.30650194463717934	3	0.27777265516681293	8	0.1718699234801546	3	0.12989066605530009	3	0.11396481066055304	8	0.20667763053951904	2	0.15027029421855922	8	0.1677305371846859	6	0.31548347717501	8	0.15983806088222582	9	0.11460657187056227	2	0.32108255836587474	7	0.18116386926854725	5	0.2244713983725175	8	0.15867560212249826	8	0.11535541545780614	3	0.30375083151846094	8	0.22183138879506792	2	0.1856747388938602	7	0.17338762533480492
50	Geothermal West Clean Power Co.	8	South Korea	Waste Management	Government Agency	2006	2024-05-20	390621.0	378685.0	807606.0	712848.0	937516.0	499710.0	515583.0	351102.0			10	0.19321210385510074	7	0.17057244706809968	8	0.14161347415925987	0	0.2030131486302114	0	0.29158882628732846	3	0.18532862128112623	4	0.14593549220459093	1	0.14797275032064378	2	0.2521868730930854	3	0.26857626310055366	10	0.20143363639269254	2	0.21044188987474108	2	0.19333216152682292	7	0.23744640821252802	4	0.15734590399321535	10	0.22241313218477668	8	0.23422704034973127	2	0.28156640946991607	8	0.09771319827435568	6	0.16408021972122025	2	0.1617287512042375	5	0.14809908063117297	2	0.21890994620917334	5	0.23121092137197483	2	0.24005130058344137
51	Biofuel South Sustainable Futures	4	Australia	Energy Efficiency	NGO	2003	2024-05-20	916683.0	609570.0	375979.0	577936.0							0	0.19297567470612267	3	0.151278228609307	8	0.17724841156658802	9	0.2660804216514513	5	0.212417263466531	8	0.28802898753847617	6	0.22100055185324718	1	0.17072323058487532	5	0.18517316218939786	5	0.13507406783400353	2	0.2189238005655044	7	0.21119236475327888	10	0.13171675312555453	7	0.19310342934305788	10	0.24506365221260437	10	0.23373790893304705	7	0.22159451758416143	1	0.21659543636132403	1	0.15069401301171093	9	0.1773781241097564	0	0.24307719530143612	9	0.19984287071670034	0	0.1906996825465705	9	0.17087129722582942	1	0.19550895420946343
52	Renewable Solutions Eco-Friendly Site D	4	China	Carbon Capture	Government Agency	2001	2024-05-20	199615.0	378923.0	316402.0	470895.0							3	0.16596093085907096	6	0.15229553265527537	3	0.24259485121941726	10	0.22232708528302994	3	0.2168215999832065	10	0.2251464048120724	10	0.1420521321989903	9	0.14219472435332953	2	0.2959197886991694	2	0.19468694993643834	10	0.2573276233460753	8	0.16756327069490798	6	0.23757278208722582	3	0.18864956745490036	5	0.1488867564168905	1	0.18075636298853873	5	0.23988635215193926	5	0.20583661000829204	8	0.23957174377053092	10	0.13394893108069897	4	0.20260434461080645	1	0.22653342549310615	4	0.2810146508582439	4	0.12998460213976717	8	0.15986297689807663
53	Site A Eco-Friendly EarthFirst Energy	8	Sweden	Forestry Management	NGO	2012	2024-05-20	220750.0	502682.0	645225.0	923972.0	227811.0	781097.0	869895.0	573608.0			7	0.14273584323781874	5	0.1523570950572052	8	0.22234309739136213	10	0.22700581869294323	0	0.2555581456206708	6	0.15403421603198617	8	0.14683618635247833	0	0.24870877449096918	10	0.3369318542175648	0	0.11348896890700162	8	0.1226786677642851	7	0.25742617732412915	3	0.0887971811841846	7	0.21873555768184497	2	0.3123624160455561	6	0.2880806520966899	2	0.12048775428244864	6	0.16792418934418687	9	0.23269742003158722	3	0.19080998424508736	3	0.2457893882989346	3	0.21633582601873047	8	0.18872904231516066	1	0.18823222166769038	4	0.16091352169948378
54	Green Nature's Way West	7	Sweden	Renewable Energy	Private Company	2005	2024-05-20	901386.0	600433.0	406322.0	262059.0	827785.0	712736.0	789928.0				5	0.20061201035850884	6	0.11842507304313711	10	0.18711607156749732	2	0.29825182135484163	10	0.19559502367601503	6	0.11969695037933914	7	0.2473805416998233	6	0.1865520724004177	9	0.23523300523450427	10	0.2111374302859157	10	0.13235999378429425	3	0.2138262610690273	8	0.2485981454919708	6	0.21034105562226835	6	0.1948745440324393	8	0.25104308329756625	9	0.15409255714233389	3	0.251878417289207	8	0.1659150312184164	2	0.17707091105247658	0	0.20036967682724546	3	0.3200668868243429	6	0.2211984780118688	1	0.13533733336101011	3	0.12302762497553286
55	Solar Site A Clean Power Co.	7	South Africa	Green Building Practices	NGO	2013	2024-05-20	709485.0	101462.0	408300.0	451649.0	259432.0	732441.0	174387.0				2	0.2886380067812735	9	0.1970299351168925	7	0.1399070707093367	7	0.23472556384617724	2	0.13969942354632015	3	0.24163660588913513	7	0.25591039281557776	1	0.11297755558918376	6	0.1874858053780795	7	0.20198964032802383	5	0.23341657747237574	3	0.2739019616335678	10	0.23392437451265508	5	0.10510288255715315	7	0.15365420382424821	6	0.2577087346625539	8	0.31242280642644077	8	0.19123359256345362	9	0.11696056284643355	0	0.12167430350111823	7	0.12925050026017246	7	0.1370063192934429	8	0.22683814461902926	10	0.30871250745272083	1	0.19819252837463455
56	East Sustainable Renewable Solutions	1	Turkey	Forestry Management	Community Group	2013	2024-05-20	592258.0										4	0.22381922486845215	2	0.16884114799699743	1	0.2175353686757684	4	0.17317884260731484	8	0.21662541585146705	1	0.25475432185719865	10	0.1534619318229671	6	0.11662618322166594	6	0.1572492837402203	3	0.31790827935794785	2	0.16997952699233418	6	0.22070094402728158	7	0.2664816938453245	6	0.2244517193906375	7	0.11838611574442236	9	0.2103929906575963	0	0.2648602892731038	4	0.15027898289951022	2	0.19675200574795415	3	0.17771573142183555	0	0.24333737468265465	7	0.1761482596017058	3	0.20400864008625716	2	0.15830847155016553	2	0.21819725407921672
57	Renewable Solutions Site B Wind	10	Spain	Sustainable Agriculture	NGO	2007	2024-05-20	915246.0	312213.0	871435.0	596047.0	843568.0	823419.0	497867.0	441942.0	198534.0	719638.0	4	0.15545344861209892	1	0.24455514645132828	1	0.17413563126610784	4	0.21032799315994855	6	0.2155277805105164	1	0.27296813188892	8	0.2175903666645682	1	0.1223488757029241	6	0.14649680126385928	1	0.2405958244797285	3	0.15654752680119682	10	0.2501028434317037	10	0.253442849522863	5	0.11360224493698037	6	0.2263045353072561	8	0.21754861966685907	7	0.16722402467520175	3	0.11956175847493626	0	0.30949340274031323	4	0.18617219444268965	2	0.16818843657863045	0	0.2017799224214615	9	0.1374467820011264	7	0.2584683608344121	4	0.23411649816436972
58	Hydro ClimateCare Ltd. Reserve	10	South Africa	Waste Management	Private Company	2010	2024-05-20	276247.0	826742.0	194816.0	278675.0	526237.0	789345.0	471918.0	732798.0	694651.0	251897.0	9	0.18148452267906645	10	0.20553837431901295	4	0.18119432063931104	6	0.23450758369573246	3	0.19727519866687718	2	0.20234345962667336	6	0.19604118103368084	6	0.14313787637960534	5	0.24132604248679046	7	0.21715144047324994	0	0.24799728275854396	2	0.16052257399107264	8	0.165111672588912	10	0.19668993409133873	3	0.22967853657013262	0	0.2499445958482159	5	0.17897545932622963	8	0.1753283188721993	10	0.2552729435553292	6	0.14047868239802602	9	0.0814246963136067	2	0.1862812492187542	3	0.35429316239728315	8	0.1367589471274837	10	0.24124194494287227
59	Site C Green Sustainable Futures	9	Poland	Waste-to-Energy	NGO	2012	2024-05-20	217543.0	619111.0	531778.0	379998.0	515246.0	379767.0	197242.0	151989.0	652130.0		0	0.2982958018749056	4	0.16682897487942305	2	0.1707754786090971	0	0.18684938346441857	0	0.1772503611721556	3	0.1831718496121168	5	0.15549274694595344	3	0.21876036051360967	4	0.29911377182120963	1	0.1434612711071105	4	0.16633702319660454	1	0.23662335967658107	7	0.15486087082463743	10	0.2117982205132943	7	0.23038052578888257	1	0.16812061114796384	8	0.09355467107216411	6	0.3254058621033039	6	0.17960965709512192	8	0.2333091985814462	0	0.2249467767964253	8	0.13049299140720552	5	0.2374657965926747	8	0.13846782688884968	7	0.2686266083148447
60	Geothermal Nature's Way Park	2	Germany	Energy Efficiency	Community Group	2011	2024-05-20	361741.0	534449.0									7	0.10692403050828056	9	0.23438353575413198	5	0.12869871477542064	9	0.23968336734364695	7	0.2903103516185199	0	0.17434664465203809	10	0.13393182123823436	10	0.16156003700436855	8	0.29128418803670914	4	0.23887730906864973	1	0.10593659616831097	4	0.2142995140785262	0	0.14791254641223492	9	0.2973190923489275	4	0.2345322509920005	7	0.1563094041853683	5	0.1561480568034884	7	0.18447277837839968	10	0.3526860640226688	7	0.1503836966100749	3	0.10058741929498474	8	0.1946143172286959	2	0.20014338261343256	10	0.19300024076324376	8	0.311654640099643
61	Wind Renewable Solutions Site B	10	Japan	Green Building Practices	Community Group	2003	2024-05-20	688993.0	538315.0	769356.0	448745.0	750911.0	945399.0	467954.0	376730.0	541284.0	573967.0	2	0.2166487522891048	3	0.23484610695871228	8	0.15743972670080925	3	0.19128202120288276	1	0.19978339284849073	8	0.14786780146201964	6	0.22045247842379795	4	0.23126082777817838	5	0.20140795733406086	7	0.1990109350019431	2	0.2893600468939973	1	0.20672867332724335	5	0.1965813373360894	5	0.1340205742234077	8	0.17330936821926227	0	0.19514569494076975	4	0.23707610786305836	2	0.2464433543276764	1	0.16402607437220856	8	0.15730876849628697	10	0.23026789814397483	5	0.24618770430050582	5	0.15002729841627235	10	0.24561514559833575	1	0.1279019535409111
62	ClimateCare Ltd. Conservation Site B	10	Mexico	Air Pollution Reduction	Non-Profit Organization	2011	2024-05-20	558834.0	408188.0	696317.0	857220.0	913182.0	170808.0	527570.0	447772.0	140947.0	727372.0	9	0.21554049156794794	5	0.1691752597838201	1	0.15434111091696648	2	0.1403470237316553	9	0.3205961139996102	7	0.20317028085628594	8	0.19258984828294085	6	0.124409241300298	9	0.24202026645990385	0	0.23781036310057135	7	0.16245122199978468	1	0.2555463868323614	2	0.18246018163026495	2	0.18852176767962936	3	0.21102044185795968	9	0.2304240420642137	5	0.21542277200573534	10	0.1828586218080188	6	0.20358594548109946	3	0.16770861864093273	6	0.19232881123174486	0	0.13449609293149292	0	0.2499282389940419	9	0.19545249071898219	7	0.22779436612373807
63	Eco-Friendly EarthFirst Energy West	4	Turkey	Green Building Practices	Community Group	2005	2024-05-20	674924.0	764793.0	374225.0	374551.0							9	0.22343388365803762	7	0.15374056428920982	0	0.23408500840207191	2	0.23699447329121986	6	0.15174607035946067	3	0.2599766406208929	8	0.20633409797479127	1	0.1800009796520483	10	0.1764682237253027	2	0.177220058026965	7	0.20497162327269947	4	0.1535124162242962	2	0.21184566570283866	10	0.20719206397377993	6	0.2224782308263859	6	0.2240837309196371	7	0.13395648319692938	4	0.18552751974888737	8	0.24619076699765632	8	0.21024149913688983	3	0.19761628110835414	1	0.2160599084205192	0	0.3218294711323486	10	0.12183091911843451	1	0.1426634202203437
64	Sustainable Futures Reserve Eco-Friendly	9	Russia	Renewable Energy	Government Agency	2000	2024-05-20	195844.0	390476.0	528514.0	807126.0	857605.0	328737.0	112746.0	261192.0	477476.0		8	0.09242776567222041	10	0.266591103213139	8	0.12812359096936773	7	0.20098400281991538	2	0.3118735373253575	3	0.1764026878836533	4	0.1934611758142753	8	0.12809016484851507	6	0.2666496800778826	2	0.23539629137567367	2	0.1772045994430083	9	0.19614877538561518	0	0.20454444656762696	5	0.19438727521580745	4	0.22771490338794212	1	0.2545891828262322	9	0.12321663621087049	6	0.26498546174549437	6	0.23727626804267563	1	0.11993245117472755	0	0.29199575574303543	0	0.17387630225747264	4	0.14640122806831687	1	0.12995691962077524	8	0.25776979431039987
65	Recycling BioEnergy Systems Site B	5	Mexico	Air Pollution Reduction	Government Agency	2011	2024-05-20	357574.0	656902.0	736284.0	704110.0	427906.0						0	0.24356620177852034	10	0.22683778477756494	10	0.2222339884040088	5	0.10452821832658105	9	0.20283380671332477	4	0.1495939789850139	5	0.19709139685854607	2	0.22944306220286168	3	0.2241903710230655	1	0.1996811909305129	3	0.1749290198811001	10	0.09023039016579847	7	0.3479230484455615	0	0.2643969552422706	7	0.12252058626526935	9	0.25261164577912	0	0.12724141767741343	3	0.1974991454578942	0	0.2633269020360309	3	0.1593208890495414	8	0.18314270949393743	2	0.16404056002836256	5	0.1518353733267308	10	0.27465698507285186	7	0.22632437207811731
66	West EcoEnergy Corp. Sustainable	8	Sweden	Sustainable Agriculture	Government Agency	2002	2024-05-20	763463.0	532869.0	187096.0	752924.0	844129.0	295592.0	931446.0	209973.0			7	0.20766734853315716	7	0.1360467514551458	7	0.2373250044392842	3	0.28227348814130143	0	0.13668740743111166	3	0.23349484006432483	7	0.23659106180723832	3	0.20920787572092456	10	0.15823548771123633	5	0.1624707346962759	8	0.1348868446180283	1	0.23701499872596113	3	0.17324665514846	5	0.17764852626236055	5	0.27720297524519016	1	0.1511222270146627	1	0.16878798606059794	0	0.14668756605004546	0	0.25542131677187374	5	0.27798090410282006	1	0.15608098682278604	10	0.1925157288637229	7	0.1257721251108367	8	0.24371799839138816	2	0.28191316081126616
67	Pure Planet Green Reserve	7	Netherlands	Renewable Energy	Community Group	2009	2024-05-20	768447.0	611037.0	759005.0	520690.0	511896.0	459460.0	107899.0				4	0.16477772136683713	2	0.17611679721517418	9	0.19888310029434314	2	0.33181900559195315	8	0.12840337553169237	0	0.10663123507079565	4	0.15812101903813033	0	0.33424040626401674	7	0.216915641486025	0	0.1840916981410322	7	0.1828203289311931	5	0.11396047661501249	8	0.24063747254411172	7	0.1260612471796661	0	0.33652047473001656	1	0.19360211429711	9	0.15485153331292964	0	0.18573112354829835	7	0.2637068193304834	5	0.20210840951117848	0	0.20643855364830035	4	0.2346690492926277	10	0.15479867664339605	1	0.11648261467141717	6	0.2876111057442587
68	Sustainable EarthFirst Energy Park	6	Brazil	Waste Management	NGO	2013	2024-05-20	626281.0	505729.0	751491.0	464669.0	513195.0	373610.0					0	0.19141602773407193	4	0.20020892974479115	4	0.17675262870804948	2	0.22056013840477004	7	0.21106227540831746	7	0.08016913802692859	6	0.18702779145477302	1	0.2435913489941398	3	0.19987549838010335	5	0.28933622314405516	9	0.24351462330121518	4	0.16940369456027649	6	0.1991568498517177	7	0.1907619404354405	10	0.19716289185135003	2	0.2791584705109296	4	0.18929212298502376	10	0.11439943405396488	3	0.20427121912198967	7	0.21287875332809206	8	0.18281181528150392	8	0.1921118997006993	5	0.19948040425480854	10	0.20371575206200274	2	0.22188012870098556
69	Pure Planet East Sustainable	6	Canada	Waste Management	Non-Profit Organization	2007	2024-05-20	773393.0	807469.0	876513.0	867944.0	560428.0	237451.0					2	0.25117467620063855	3	0.26515427930924784	5	0.14046656309674646	2	0.15700376957832174	0	0.18620071181504544	9	0.20912467672329627	5	0.19456377798423058	8	0.25246937289591803	7	0.20335964925638106	4	0.1404825231401742	10	0.2161462618994309	0	0.12628720294093523	9	0.17516122558108804	9	0.24218603290100085	3	0.240219276677545	0	0.16814776617958055	9	0.24470143671683453	7	0.23274467775352653	9	0.18759833789090596	8	0.16680778145915234	8	0.2844104421727429	9	0.1339801062520484	3	0.21126290941050724	4	0.15687783308068123	4	0.21346870908402016
70	Renewable Solutions Recycling Reserve	10	Poland	Waste Management	Non-Profit Organization	2012	2024-05-20	237344.0	702743.0	462499.0	246117.0	245297.0	656367.0	484582.0	439888.0	797561.0	800917.0	4	0.19128426348926805	1	0.21813164907875515	0	0.1718245269385728	2	0.21466036410985617	3	0.20409919638354776	1	0.2994548183445226	10	0.13435787021212459	3	0.22328697730083769	10	0.2232606263499554	4	0.11963970779255971	6	0.1560110286016233	4	0.10923995032316279	4	0.2958528038298388	1	0.23905510124563897	5	0.19984111599973609	4	0.22850677981207082	2	0.15883653579386267	7	0.16260125115486124	10	0.22693300692700324	6	0.2231224263122021	4	0.22923382286512098	8	0.2803880399812953	10	0.2428441719323458	9	0.1253473585306845	8	0.12218660669055344
71	BioEnergy Systems Site B Sustainable	5	South Africa	Water Conservation	Non-Profit Organization	2001	2024-05-20	871289.0	105506.0	698407.0	676235.0	535169.0						4	0.15710071874524606	4	0.22691370421930296	3	0.14153716438556435	3	0.12996442037446093	6	0.34448399227542564	5	0.1547967131422245	4	0.15672255472629534	3	0.20486617036188878	9	0.26739211241166777	4	0.21622244935792367	3	0.20011834249206512	2	0.1685951313983837	0	0.16340088873507816	0	0.25780669206342904	9	0.2100789453110441	9	0.16295268209555994	9	0.20808292574556592	0	0.1816573233094746	5	0.2033455148272776	6	0.24396155402212197	3	0.24451498822742193	2	0.17487356923846498	0	0.2871553780490298	7	0.16850940066545914	2	0.12494666381962433
72	Nature's Way Geothermal Park	5	Turkey	Renewable Energy	Community Group	2007	2024-05-20	363970.0	125845.0	789519.0	591172.0	248656.0						10	0.22894120000815077	1	0.26790171574380944	7	0.2428613711931611	1	0.1899650511842843	6	0.07033066187059436	0	0.17498859992646382	7	0.3175792897124197	8	0.16453647421379544	6	0.15927005034069516	9	0.18362558580662594	5	0.2537150393619441	8	0.11032126417128942	0	0.1740778139111527	0	0.20957565263195452	0	0.2523102299236592	7	0.23682284708486565	2	0.23150690036653873	2	0.1750630234806989	0	0.20905949788027733	4	0.14754773118761932	8	0.2683049036576109	10	0.1270572199281201	0	0.15841728383788947	10	0.16129250621083518	1	0.28492808636554445
73	Site C Geothermal Clean Power Co.	3	Mexico	Green Building Practices	Community Group	2002	2024-05-20	814888.0	103090.0	871923.0								9	0.271286877510427	0	0.17488697568101505	5	0.24693073161055393	9	0.15161566312215707	9	0.15527975207584713	10	0.07937230889414287	9	0.18557855412873972	0	0.31098322872667844	6	0.24563054143230015	10	0.17843536681813882	5	0.20588463982461197	6	0.221172169146634	8	0.1757508323151045	10	0.18265467268043958	9	0.21453768603320988	1	0.19360086122485204	3	0.18359812129587827	0	0.3124997998625013	8	0.21421759457658718	1	0.0960836230401813	6	0.16493519041594198	0	0.17630858972099914	3	0.2808518643865682	7	0.1963744620031162	2	0.18152989347337453
74	Recycling BioEnergy Systems Park	1	Canada	Air Pollution Reduction	Private Company	2008	2024-05-20	266489.0										2	0.2559866716366937	6	0.1577599520273727	2	0.22531354681546628	1	0.21612333958575294	5	0.1448164899347144	8	0.19348139497154862	7	0.28129637414926134	9	0.20733186403740658	3	0.13517847106044245	6	0.18271189578134095	1	0.25134184207789456	5	0.13738447637332346	10	0.20808992540511742	8	0.21044482460319366	1	0.19273893154047092	2	0.23087911412709702	0	0.19192631647117278	9	0.2202013032190815	9	0.19039580672918938	3	0.1665974594534593	8	0.09871704391878862	3	0.24095791635690886	6	0.212107595822795	9	0.242329531071485	5	0.2058879128300225
75	Biofuel BioEnergy Systems Site A	8	Australia	Water Conservation	Private Company	2014	2024-05-20	217620.0	830833.0	934797.0	909714.0	629900.0	290119.0	409643.0	845784.0			5	0.284515420411264	6	0.1332282957692844	10	0.15927804322061107	9	0.21156339238377375	5	0.21141484821506673	5	0.20027638683290652	2	0.15092931781366636	1	0.09197406172561784	3	0.27319406093443377	8	0.28362617269337553	10	0.24388576660579164	7	0.22997061281392228	6	0.1299355702965408	9	0.26952749803886933	3	0.12668055224487598	2	0.21378622953857823	3	0.18889103317807118	2	0.18924096104624935	4	0.16558167345999997	4	0.24250010277710127	10	0.26581313366244774	5	0.15158517855440967	8	0.1996844898073736	8	0.12908533751259954	7	0.2538318604631695
76	Hydro ClimateCare Ltd. East	5	Brazil	Waste-to-Energy	NGO	2013	2024-05-20	217660.0	234786.0	442705.0	919535.0	482830.0						3	0.22851070819433322	4	0.18904304038544228	10	0.12230861918363017	5	0.18528696063213942	9	0.2748506716044549	2	0.17521115079014382	1	0.30154896892057936	1	0.14566156847829342	3	0.18439185561511692	10	0.19318645619586647	9	0.1645727646366553	5	0.26834621114077295	10	0.24039348680575992	4	0.1432439141836399	9	0.18344362323317198	7	0.21905066294349967	3	0.22696019941459689	2	0.10408134583288103	0	0.2729232204367611	7	0.17698457137226123	8	0.20905490255867548	4	0.14230401048939004	0	0.28875517220610336	6	0.17066094672232796	4	0.18922496802350308
77	Solar East BioEnergy Systems	2	Russia	Air Pollution Reduction	Community Group	2012	2024-05-20	712673.0	477409.0									7	0.17813278261073975	10	0.25724656478099633	0	0.11943422008890182	10	0.13646123457721057	7	0.30872519794215153	10	0.19565765357047185	1	0.24204635513338016	9	0.09082062692384954	10	0.237469871141401	10	0.23400549323089745	3	0.2084351443450995	6	0.19895879042205597	4	0.18044012640958293	3	0.19333877380117787	1	0.2188271650220837	10	0.21973315131657487	2	0.16975078071264407	0	0.10227441466416284	6	0.18166260019577385	10	0.3265790531108443	7	0.30754052406491644	5	0.16596468500880981	1	0.21481430445877464	6	0.13682681890219525	5	0.17485366756530402
78	Site D BioEnergy Systems Hydro	7	Turkey	Green Building Practices	Community Group	2004	2024-05-20	594834.0	204477.0	196102.0	802916.0	790474.0	240771.0	696803.0				6	0.17299360332889746	2	0.37976031962001794	8	0.15835017706508117	9	0.1432960851125981	5	0.14559981487340526	7	0.11532831593900045	6	0.15769824250114292	1	0.13490773050095883	2	0.29987339632591	7	0.29219231473298785	8	0.18974508564664516	4	0.2480138145351175	2	0.21980906360587324	7	0.15508269496256333	0	0.18734934124980077	2	0.14581962240201804	8	0.34282667775071085	3	0.11049965058458407	0	0.1464471429506193	8	0.25440690631206786	3	0.24172786233747465	10	0.1537438109043646	4	0.24567367594175948	1	0.1935335217528622	1	0.16532112906353916
79	Renewable Solutions Biofuel Site A	3	Italy	Green Building Practices	Private Company	2014	2024-05-20	912560.0	347297.0	422598.0								1	0.19063784498820474	10	0.12236668077127676	2	0.30386924646088814	7	0.1746924816192031	0	0.20843374616042706	0	0.29185992721016263	3	0.15613466102419662	9	0.13694589649841174	9	0.2608498983672927	4	0.1542096168999361	1	0.1686559927974718	5	0.27646927339241684	1	0.23654761964246346	6	0.1719010664031585	7	0.14642604776448961	6	0.121261157021364	3	0.194893085084132	6	0.15502658733447006	3	0.2327186231876513	7	0.2961005473723827	4	0.19480524635073487	5	0.2965661078234062	2	0.14801676467942346	9	0.18957905668221783	8	0.1710328244642177
80	Renewable Solutions Solar South	5	China	Waste Management	Community Group	2008	2024-05-20	108072.0	879068.0	517045.0	187037.0	718343.0						6	0.12153308930167209	5	0.15359494139159988	8	0.3692154104896114	5	0.09764231923642633	1	0.25801423958069025	3	0.1470942748194721	2	0.34330196498933224	4	0.1769373109522981	7	0.1258461399184845	7	0.2068203093204131	3	0.22800646267815874	0	0.20346730695013518	6	0.15785979266085204	1	0.2707222153651974	3	0.1399442223456566	10	0.24272075876553148	10	0.260271675787322	8	0.19644905295311169	3	0.15460298343313406	2	0.1459555290609007	0	0.16724756762030216	10	0.1720549591385053	8	0.19323225343890746	1	0.36207606853876645	2	0.10538915126351886
81	Recycling Sustainable Futures Park	6	Canada	Energy Efficiency	Community Group	2010	2024-05-20	696867.0	205685.0	713408.0	738035.0	402962.0	925798.0					6	0.14944545851879684	4	0.1796175607232651	6	0.21341864212149947	1	0.24780929954383518	6	0.20970903909260333	1	0.14697444554692657	5	0.18920376654464152	5	0.19538884555217723	2	0.18626240560528948	8	0.28217053675096515	9	0.22045525052012865	8	0.146248690942827	7	0.17357948884399488	7	0.2733539213332135	8	0.18636264835983596	9	0.22555573924988695	4	0.16315229104229909	5	0.20401756698330195	5	0.22335333968325397	3	0.18392106304125808	9	0.3357751185009169	5	0.14823762889185096	9	0.17492168562774704	5	0.19404949056144277	3	0.14701607641804224
82	Reserve Clean Power Co. Eco-Friendly	2	France	Waste Management	Private Company	2001	2024-05-20	824848.0	650834.0									8	0.21133619672782133	1	0.15867153942946444	8	0.2981589229070122	0	0.1706043437802776	0	0.16122899715542444	6	0.22310677230616857	5	0.2100705249398637	0	0.17138196304743963	0	0.24983931827811703	10	0.14560142142841104	7	0.14187161765668999	4	0.1408671887875446	10	0.14962353541271206	4	0.23835336482059044	10	0.3292842933224629	7	0.22186944196807273	3	0.26393375123290674	0	0.15472851796050882	3	0.16168711244219353	4	0.19778117639631815	5	0.15192390782338333	10	0.18976187489974294	9	0.20546300938931789	4	0.25476439881174323	9	0.19808680907581283
83	Eco-Friendly Clean Power Co. Site C	6	Turkey	Water Conservation	Government Agency	2014	2024-05-20	533520.0	232789.0	686356.0	688043.0	611716.0	908787.0					6	0.21961501621888904	3	0.14157930532838267	2	0.16635251740662652	10	0.38323723316679953	5	0.0892159278793021	8	0.22899815666526932	4	0.10087572249310484	9	0.19569906129593873	1	0.22654677964805217	2	0.24788027989763492	9	0.2134354042900779	9	0.3318140640975965	8	0.11682813617993752	4	0.1727158373720175	6	0.16520655806037043	8	0.12794608858408638	7	0.28960994731277107	7	0.20037113503842235	4	0.15594013584288138	8	0.22613269322183882	0	0.2833944699702576	5	0.2813579069482602	4	0.21541397986385655	1	0.11754450308076293	3	0.1022891401368626
84	Recycling GreenTech Inc. Site C	4	Japan	Waste-to-Energy	Government Agency	2009	2024-05-20	836360.0	434121.0	913389.0	936750.0							8	0.28353639515756524	4	0.1774392958911906	3	0.17426843018427163	3	0.12263721354769516	6	0.24211866521927733	6	0.13343715852968469	0	0.2216385724647771	7	0.19774228515529693	9	0.21107193122831677	7	0.23611005262192447	4	0.31405765750128756	5	0.18683194825414248	10	0.17915156160725945	9	0.07118205794313578	1	0.24877677469417467	8	0.13236344685566173	1	0.1695137301874468	5	0.16715164427346865	8	0.3112975323543114	6	0.21967364632911152	3	0.31321050097493797	2	0.23165814650186117	8	0.1381426991969042	9	0.22497046264838608	1	0.09201819067791057
85	Park GreenTech Inc. Geothermal	4	Turkey	Air Pollution Reduction	Non-Profit Organization	2009	2024-05-20	132916.0	204797.0	900411.0	546683.0							2	0.3217821890245887	10	0.20194359852043114	3	0.16881038776196894	4	0.17577026572530918	6	0.13169355896770202	10	0.3047723887017711	0	0.19004903575223464	8	0.12049165031706496	8	0.19694297379425463	9	0.1877439514346747	5	0.2052196298253692	5	0.19363964838426231	2	0.07024972469470442	10	0.37436253338969094	10	0.1565284637059733	8	0.1929571070237667	4	0.18229598602994684	6	0.16205351838738952	4	0.12761792473232816	10	0.33507546382656866	10	0.14600470948875804	2	0.1862330221004959	7	0.25663817141052275	4	0.1938145986598311	7	0.21730949834039212
86	GreenTech Inc. Site A Green	9	Mexico	Forestry Management	Government Agency	2003	2024-05-20	159434.0	213765.0	718054.0	896983.0	930902.0	723104.0	623005.0	858217.0	269821.0		6	0.20994146097249616	4	0.28587094271662244	6	0.11634831360758877	5	0.22376382848682888	10	0.16407545421646366	4	0.2637481602167003	6	0.17847723922958114	5	0.11639127987813923	4	0.17275863832694077	6	0.2686246823486385	2	0.24745537881139743	4	0.09727615874433224	7	0.14421938402655265	3	0.18952274533974836	3	0.32152633307796935	6	0.10503150741246282	10	0.2198703737706833	2	0.20648867994007478	5	0.20041164210102325	6	0.26819779677575595	3	0.28807285844267133	8	0.15242728257140667	8	0.07145497655975243	8	0.21577505428630583	6	0.27226982813986395
87	Nature's Way Recycling Park	1	Italy	Sustainable Agriculture	NGO	2011	2024-05-20	609984.0										2	0.1930059655669213	2	0.19571738012361298	8	0.12877032358573726	0	0.24371900247774042	8	0.23878732824598803	4	0.1248809662689456	2	0.21041714534889353	8	0.246966177094793	8	0.17530586629023323	5	0.24242984499713469	2	0.27298795237916856	7	0.23175762030994898	1	0.22522974473318358	9	0.12254058671432759	0	0.14748409586337127	4	0.16117688154490598	9	0.17157149681273307	10	0.24424012374815243	1	0.20902205316209096	8	0.21398944473211762	8	0.26990200830943345	0	0.26199132189717206	0	0.23379777537441493	1	0.12833427647179566	0	0.10597461794718402
88	Eco-Friendly EcoEnergy Corp. Reserve	3	Netherlands	Renewable Energy	Government Agency	2008	2024-05-20	514629.0	614926.0	155284.0								9	0.17048397338679142	9	0.10594985045728687	5	0.153666757061184	7	0.16103747087819514	8	0.40886194821654276	2	0.21537026879237206	2	0.1597239696286659	3	0.21181974485631933	2	0.21032303488083862	1	0.2027629818418042	0	0.23261751579924625	6	0.1891261752553899	10	0.11509647758858745	5	0.1715985599184164	9	0.29156127143835997	5	0.16435718893248527	4	0.17924960854490682	0	0.23448380655642567	8	0.24512056699032062	6	0.17678882897586176	5	0.1765516969596203	0	0.10117713719356831	6	0.3588185361547229	3	0.156845734991108	9	0.2066068947009804
89	Eco-Friendly Site A ClimateCare Ltd.	2	Indonesia	Sustainable Agriculture	Community Group	2003	2024-05-20	320214.0	479446.0									6	0.30375371093293846	5	0.1453274505612882	1	0.28359663135386504	5	0.15533715310189028	6	0.11198505405001809	6	0.22330619578569041	8	0.3020172090949287	9	0.22037633972284026	6	0.12115952299763078	0	0.13314073239890997	1	0.2183476663893802	0	0.13601912884278397	8	0.21466632683683043	10	0.20931198950970992	8	0.22165488842129547	6	0.1741809741393047	3	0.2221794089095974	7	0.21080535893760471	7	0.15270183702021486	3	0.24013242099327833	10	0.22952919788123466	9	0.15610555415862998	4	0.24416680695814794	7	0.2697154811938747	6	0.1004829598081128
90	Hydro Reserve Renewable Solutions	9	France	Energy Efficiency	Community Group	2011	2024-05-20	652270.0	382867.0	906758.0	805688.0	336255.0	783538.0	591613.0	688233.0	191329.0		0	0.2483036676897307	1	0.13425767733102792	0	0.13714528552199962	4	0.17329664220495494	4	0.3069967272522868	4	0.18809999231142516	2	0.20045507633469767	5	0.3759407420761344	1	0.14583337824928297	10	0.08967081102845986	6	0.22424046529493546	4	0.2663092325947979	0	0.12106408484125668	3	0.17293116915692847	8	0.21545504811208163	9	0.13671481627758772	5	0.1635031680977134	3	0.33322504616613663	6	0.21767836359864573	10	0.14887860585991664	2	0.18866756886954192	7	0.2674416842947951	10	0.13285959639147724	8	0.22580037202512374	3	0.18523077841906202
91	Site B BioEnergy Systems Recycling	7	South Africa	Water Conservation	Non-Profit Organization	2001	2024-05-20	412628.0	121316.0	532633.0	642377.0	710092.0	439464.0	727607.0				8	0.10950004963990351	6	0.15850693218226644	4	0.21148825200526938	10	0.23290292901238024	4	0.2876018371601804	3	0.27254468168328533	10	0.16969395504001844	9	0.17401236309811352	5	0.18365170948633608	1	0.20009729069224674	10	0.1348514102445371	3	0.20265301639738573	0	0.14010030148428623	6	0.1578247575687286	0	0.3645705143050624	4	0.12461869192922022	3	0.15954449053820452	10	0.2251248725444933	8	0.2912669886614319	10	0.1994449563266499	3	0.14232592721057982	4	0.1341255224332986	0	0.16724333276940442	3	0.21844911428489555	8	0.3378561033018217
92	ClimateCare Ltd. Conservation West	1	South Africa	Forestry Management	Government Agency	2010	2024-05-20	374417.0										7	0.16036947635077156	0	0.20686047065085153	5	0.1851726514352281	6	0.17452920773723637	8	0.27306819382591246	4	0.16522356508263109	5	0.3046542011560711	2	0.1460573148540251	9	0.25122359045677467	2	0.132841328450498	10	0.14334679947189943	10	0.15246840533477632	9	0.15060515221642967	4	0.2237445373472654	9	0.3298351056296291	8	0.15754764082546027	2	0.3144712503753532	3	0.1361687208048701	7	0.250141055610955	6	0.14167133238336146	7	0.17272877579297624	9	0.30950913354380083	6	0.22749231493268027	7	0.13106316326065925	5	0.1592066124698834
93	Renewable Solutions Eco-Friendly West	1	Australia	Air Pollution Reduction	Non-Profit Organization	2012	2024-05-20	585268.0										4	0.2099870989950477	9	0.20905897290119824	7	0.1901680223123734	1	0.21605249141588143	10	0.17473341437549925	9	0.27328617582490133	1	0.13440305060736954	8	0.2536350697297636	10	0.16013582342971713	0	0.1785398804082483	0	0.19933480214728336	10	0.22723429243299234	8	0.24745708738137176	7	0.18820654811696938	10	0.13776726992138325	9	0.13232928505851413	10	0.10945311840962975	4	0.2559622110283875	2	0.34557286913332286	2	0.1566825163701458	3	0.30067354816934316	8	0.34551649313927846	3	0.07953959815318974	8	0.1631340256702703	1	0.1111363348679185
94	Recycling GreenTech Inc. West	10	Canada	Energy Efficiency	Government Agency	2013	2024-05-20	882130.0	414010.0	521877.0	916832.0	875752.0	760344.0	132183.0	610563.0	752303.0	360443.0	8	0.2503281057111028	10	0.24617572049981026	5	0.1423984521975214	3	0.1654231627742151	4	0.19567455881735055	0	0.1675974986060911	9	0.2222923134277604	3	0.25836792977423495	7	0.2097759464629373	10	0.1419663117289764	2	0.17152291164422315	7	0.28242030275779284	10	0.18656186716603707	3	0.16370318181847585	1	0.19579173661347102	2	0.19800216261114628	2	0.17312971689954748	7	0.18605994663379558	1	0.2687807376795423	9	0.1740274361759684	9	0.18953515705866925	4	0.246501371041689	10	0.13214599016912412	4	0.17200010559252651	5	0.25981737613799105
95	South GreenTech Inc. Green	5	Indonesia	Waste Management	Community Group	2006	2024-05-20	824890.0	947034.0	310757.0	847449.0	279677.0						9	0.1448849551311625	2	0.27756291979689146	0	0.10691179058612862	8	0.17441649209939775	10	0.2962238423864197	10	0.24609278584902677	6	0.28911537436790374	2	0.15495946058177115	2	0.161060029353912	1	0.14877234984738644	9	0.22469843303862094	2	0.2400968872685427	9	0.17470944221700213	6	0.2623692921963334	5	0.09812594527950091	8	0.07684061112558813	1	0.27347563414913806	8	0.24187167573897875	0	0.12827619297399503	7	0.27953588601229995	10	0.11067481166120757	0	0.24345432058272748	3	0.16721859495541597	1	0.2607158183255389	3	0.21793645447511015
96	EarthFirst Energy Reserve Eco-Friendly	6	Turkey	Energy Efficiency	Private Company	2013	2024-05-20	345407.0	800474.0	643304.0	664368.0	528283.0	390022.0					0	0.1449482981069039	4	0.15312041261863363	9	0.34345086391019336	9	0.18803485097266	8	0.17044557439160904	1	0.28575744193641917	8	0.19359623492759492	6	0.16541266913556893	6	0.19275129010712358	8	0.1624823638932935	9	0.10872881244260957	4	0.24655033271869006	8	0.1676363055707363	2	0.23041364281415253	1	0.24667090645381148	10	0.22904144514410718	3	0.18229173018489828	7	0.11937696353983947	2	0.3181643535716427	6	0.15112550755951237	8	0.31546327341225366	5	0.2091620515770035	7	0.11883474785596763	7	0.21274660750811553	1	0.1437933196466597
97	Green South Nature's Way	6	Poland	Air Pollution Reduction	Community Group	2014	2024-05-20	720463.0	409486.0	864682.0	429761.0	886893.0	517312.0					9	0.22653573774944766	7	0.10434067381046426	9	0.26856504137140436	4	0.21699885500499513	0	0.1835596920636886	8	0.15929992339803134	2	0.15649933173411465	0	0.22641060733318513	0	0.2241373493315077	10	0.23365278820316104	6	0.18243343830590422	6	0.18885659822231957	10	0.1775103093481465	3	0.26627672697006577	8	0.18492292715356404	1	0.10321274138453906	5	0.2726658608223977	8	0.2355602587205964	10	0.14332036208478016	3	0.2452407769876866	2	0.19051100265428997	3	0.2021168328201364	9	0.22437464783845226	6	0.12619862424094677	9	0.25679889244617454
98	BioEnergy Systems Site D Solar	6	Japan	Water Conservation	Community Group	2005	2024-05-20	184070.0	706185.0	660004.0	546595.0	930243.0	690313.0					0	0.2732294991687585	8	0.12533911828501856	5	0.2218579796147914	9	0.21292689905525528	1	0.1666465038761764	6	0.2204467183080403	9	0.1080028993958808	9	0.1296367174432879	10	0.34222399921123414	5	0.1996896656415568	6	0.18580843391290644	0	0.1378705076441828	5	0.2511188573693457	8	0.21985767581756105	9	0.20534452525600405	4	0.09946754264880026	9	0.21002301318339245	3	0.2322536013498878	9	0.30061796359129284	6	0.15763787922662686	2	0.26029863322619307	2	0.13910608957875406	0	0.12401497075785733	10	0.23964509820445237	10	0.23693520823274306
99	Wind EarthFirst Energy South	1	South Korea	Waste Management	Government Agency	2009	2024-05-20	707180.0										7	0.2068460098635478	10	0.1447893881785535	5	0.1749200710280965	6	0.23815730457859136	1	0.23528722635121085	9	0.19096340052617633	5	0.09231061132737654	5	0.3776831411421732	2	0.1772814304968314	5	0.16176141650744258	2	0.19345025034042954	7	0.23818604744813826	10	0.15218453254905623	5	0.18754000589667624	5	0.22863916376569987	8	0.31920359525458364	2	0.19318064903095614	0	0.12220993619050129	2	0.22334947286034507	0	0.1420563466636139	7	0.1727284513994566	5	0.22272104013336164	1	0.22296418946851712	3	0.2247850647647124	4	0.1568012542339521
100	Eco-Friendly Nature's Way West	1	Sweden	Sustainable Agriculture	Community Group	2012	2024-05-20	525931.0										3	0.1840808958677638	4	0.2802194178242558	1	0.21933883180509303	2	0.1655364932187164	2	0.15082436128417084	5	0.2512494602904731	6	0.26847788017571095	10	0.21930022717972122	5	0.11195121351827673	8	0.14902121883581793	4	0.1321178762057489	0	0.20653637296743627	10	0.22914951598383174	8	0.16056027874705606	5	0.27163595609592706	3	0.17288314043412203	10	0.22601227386930076	2	0.22421401755142412	2	0.22139323991713572	4	0.15549732822801732	7	0.1034640939593213	1	0.26509281192808415	6	0.22345335647382877	4	0.16973895861046176	10	0.23825077902830422
